kind,id,month,created_utc,author,author_flair_text,score,link_id,parent_id,title,text
comment,lptqz56,2024-10,1727796850,OG_LULZ,Israeli,88,t3_1ftqqmz,t3_1ftqqmz,,סתום ת'פה לפני שאתה אוכל דקירות
comment,lph0vjk,2024-09,1727605756,simpleman9006,Unflaired/Unknown,73,t3_1fs13q4,t3_1fs13q4,,"I keep writing...  
ישראלים, תפסיקו להיכנס לסאב הזה, הוא לא עבורנו- תנו ללבונים שם לדבר  
Please just leave that sub alone. Honestly I prefer to see what is the actual sentiment in Lebanon (at least the Reddit version of it) rather to see a bunch of Israelis arguing with non Lebanese ..."
post,17ppm6s,2023-11,1699345045,LevantinePlantCult,Unflaired/Unknown,72,t3_17ppm6s,,I'm not doing too well today.,"Hey fam, 

I'm not doing so well today. We're hitting thirty days out from Oct. 7, שבת השחורה. Traditionally, in Jewish mourning custom, the first seven days, the Shiva, is the most intense time of mourning, and then this is followed by shloshim, which ends at thirty days after the death/burial event. It is a transition to less intense mourning customs for the rest of the year, with full re-entry into society after one whole year. We are supposed to be moving through the stages of grief and acceptance.

But I still feel trapped in the trauma, and I'm in the Diaspora! I've gone to some Israel solidarity events, to try to connect to community, but it hasn't helped much. My brother still lives under rocket fire, and my cousins and my friends too. I feel like we never got a chance to mourn, and now time makes no sense. I think some of the denial we see online is probably not helping me handle this in a good or healthy manner. 

Today, an old Jewish man was killed at a Palestine protest. There's nothing wrong with protesting for what you believe in - I don't have to agree, you don't have to agree, but you're allowed to say your piece. But he was assaulted and slammed with a megaphone. Now he's dead. 

I'm scared he will be just the first. I don't think things are going to be getting better.

I don't have a lot of places to talk about my emotions, so I'm dumping them here. I hope that that's alright. 

May we live to see peace in our days."
post,1epmv4d,2024-08,1723388573,RoyalSeraph,Diaspora Israeli,59,t3_1epmv4d,,I very strongly encourage everyone to read into the other country's history,"I see a recurring pattern in quite a few discussions in this sub where some remarks would most likely not have been made if the user was familiar with the history of the other country. Even if only the modern one.

To name one specific example I witness often - the ""why don't you just protest against Hezbollah"" argument. A read into recent Lebanese history up to as late as 2019 could shed light on why it makes sense for people to be hesitant about taking such steps.

This is just one case, and I'm sure that in some cases it's not asked out of criticism but out of honest curiosity, but personally speaking - needing to repeat the same explanation so many times would give me a false impression that the ""other side"" is unwilling to listen, even if it's just an illusion due to the high number of users. Not only this - but showing that you went out of your way to read into how the other country works and what it went through helps build trust and understanding between us. There are so many well-articulate and respectful discussions here, but a common factor I notice in the ones that heat up usually stem from one user's lack of awareness about what the other country has been through.

Don't get me wrong - it's reasonable. Most of us didn't spend our free time learning about our neighboring countries and their past. I don't want you to see this post as accusatory, but as an encouragement.

I'll give a personal example: Just recently, I happened to read a bit about the Shias and their history, along with other minorities in the region (yes, including Maronites, Druzes, and more). The book I read had an entire chapter dedicated to the Shias in Lebanon, and while the book was written and published a few decades ago and a *lot* had happened since then - it still made me understand a little better how, at least in theory, a Shia Lebanese citizen would rationalize supporting Hezbollah, or Amal, or whoever.

There are some things you can only learn through interpersonal interaction - which is one of the things I like so much about this sub - but there are also some things little to no users here would have the energy, motivation, or maybe even the knowledge or ability to explain in-depth or in an accessible way on their own, and that's exactly where literature and reading materials come in handy.

So even if not just to increase your general knowledge (which I love doing), I really recommend doing it at least to understand ""the others"" a bit more. You may even learn a thing or two about yourselves or your own country along the way.

  
P.S: If anyone is curious, the book from my example is מיעוטים במזרח התיכון by Josef Olmert, iirc it was written in 1985."
comment,lqukvhl,2024-10,1728339472,LevantinePlantCult,Unflaired/Unknown,48,t3_1fyj1pg,t1_lqujtb2,,"You are not understanding me and I think you are being deliberately obtuse. 

There are like five posts all recent in this sub of someone from *this* community showing a screenshot of going to *that* community and getting banned. 

If this happens too much, Reddit will delete this community. I do not want that to happen. Therefore, די כבר with these posts in this sub."
post,1hod5ek,2024-12,1735414034,imjust_areader245,Israeli,43,t3_1hod5ek,,"The Risitas, الله يرحمو/ז""ל، talks about the war","Have a fantastic week, y'all!"
comment,lptr1f8,2024-10,1727796871,OG_LULZ,Israeli,41,t3_1ftqqmz,t1_lptqz56,,Or סתום for short
comment,m1m8ok0,2024-12,1733963999,JPM_R,Unflaired/Unknown,38,t3_1hc86an,t3_1hc86an,,"That’s a good question. I believe Assad’s fall has further bolstered Hezbollah’s opponents and it will also bring Hezbollah’s feet back to the ground as they’ve internally lost that leverage. We’re witnessing a big transition of power in the ME, just like Netanyahu said. 
Let us see how things evolve, but I’m hopeful they’ll set the stage for peace between Lebanon and Israel. 
שלום מאחיך הלבנוני 🙃"
comment,kafkpf4,2023-11,1700743469,ilivgur,Unflaired/Unknown,37,t3_181zqxh,t3_181zqxh,,"I'd recommend **Zero Motivation (אפס ביחסי אנוש)**.

It's a black comedy that deals with the relationship between three female soldiers in the IDF's Shizafon camp, located in a remote location in the Negev desert. It is one of the first Israeli works that deals with military service and specifically puts women at its the center.  
According to film critic Gidi Orsher: ""This is the story of the many thousands of transparent little women who fill the military offices to try to be part of a consensus, a way of life, a national commitment whose good intentions sometimes meet a reality that does not return a smile, or at least a tiny piece of human dignity.""

While we're at it, I'll also recommend a TV series :) It's called **Arab Labor (עבודה עברית/شغل عرب)**.

It's a comedy-drama series. It's focuses on the family and work situations of Amjad, an Arab-Israeli journalist. Much of the comedy is derived from the paradox of Amjad's love-hate relationship with his Arab identity and his simultaneous wish to integrate comfortably into Israeli society. It pokes fun at the cultural divide, and its characters play on religious, cultural and political differences to depict the mixed society prevalent in Israel.

And finally, another movie. It's called **The Band's Visit (ביקור התזמורת)**.

It's a comedy-drama movie that describes the arrival of the Alexandria Ceremonial Police Orchestra in Israel from Egypt. They have been booked by an Arab cultural center in Petah Tikva, but through a miscommunication (Arabic has no ""p"" sound, and regularly replaces it with ""b""), the band takes a bus to Beit Hatikva, a fictional town in the middle of the Negev Desert.

This movie was absolutely robbed of an Oscar. Under the rules of the Academy of Motion Picture Arts and Sciences, more than half the dialogue in a foreign film entry must be in the originating country's own language to qualify for the Academy Award for Best Foreign Language Film. However, The Band's Visit, whose Egyptian and Israeli characters communicate mainly in broken English, didn't meet the requirement and was disqualified by the Oscar committee.

These are my 3 recommendations (I would've added Waltz with Bashir, but someone beat me to it). Each movie explores a different facet of Israeli life and culture."
comment,lraef56,2024-10,1728584127,En_passant_is_forced,Israeli,35,t3_1g0ot2b,t3_1g0ot2b,,"I didn’t think I’d ever see an Israeli use the term “Hasbara talking points”

בהנחה שאתה באמת ישראלי אתה יודע כמה מוזר זה נשמע"
comment,m1dc1ur,2024-12,1733844409,LevantinePlantCult,"I have an Avocado, and I’m not afraid to use it",33,t3_1hb3set,t3_1hb3set,,"אתה גיבור!

You're a hero, mate, particularly regarding the protocols you want to put in safe for online safety for Lebanese folks. 

Thanks for writing this."
post,1afv85z,2024-01,1706741355,Geoffrey_Cohen,Unflaired/Unknown,31,t3_1afv85z,,מה לי ולימנים פסיכופתים? שכולנו יהודים? אני מעדיף את הלבנונים מביירות,"Sorry for the Hebrew, but this belongs here. Maybe in a few days it'll be published on English Haaretz, for now here's a gift link (I hope it works), the gist is: the author, Nisan Shor also fantasies about the day we can visit Beirut, and contemplate the fact we have more in common with Lebanese people then we do with Jewish ""psychopathic rightwing"".

""I know stories from before the establishment of the state, about Jews who rode horses from Haifa directly to Beirut.  They should not have taken the detour.  They had personal and business relations, in a Middle East that had not yet been corrupted by incessant wars.  The Canaanite movement, which had long ago sunk into the abyss, also pushed for an alliance between the Christians in Lebanon and the Hebrews in Israel.  They envisioned a historical vision that transcends Arab and Zionist nationalism.  Pretty quickly it blew up in all of our faces and today such talk sounds absurd, whimsical and hopeless.  who cares.  It is important to continue to believe in other, open, optimistic and idealistic ways of existence.  Give me the option to at least close my eyes and dream of Beirut."""
comment,l8ywkbl,2024-06,1718608222,ScumBunnyEx,Unflaired/Unknown,30,t3_1dhrx8x,t3_1dhrx8x,,"Here's a fun exercise for you:

Do a quick google search. Try any of the following:

""פאץ ארץ ישראל המובטחת""

""טלאי ארץ ישראל המובטחת""

""תג ארץ ישראל המובטחת""

""patch ארץ ישראל המובטחת""

Found this patch? Or possibly an online seller that has it? No? Why do you think that is?"
comment,lzmiv56,2024-11,1732918977,SSolitary,Unflaired/Unknown,27,t3_1h26qwx,t1_lzl7rgy,,"I've never seen a more helpful and detailed solution to a niche topic than this one. You not only expressed your support for this, but you also gave specific instructions on how OP can be with their crush. 

גאון!!"
comment,lpttgt1,2024-10,1727797659,dax_movbysh,Israeli,26,t3_1ftqqmz,t3_1ftqqmz,,"Write דלביוב
He will get it"
comment,l8wp9cx,2024-06,1718569838,qbisq,Unflaired/Unknown,25,t3_1dhffxa,t3_1dhffxa,,"Giving this a closer look, an Israeli printing shop or factory would never print such a ץ,ת and especially ח. It looks weird/unprofessional/non-native speaking. So this was obviously made in a foreign country by a non-Israeli. Sadly I guess this was made to spread hate and fear.

would love to know what this photo is supposed to represent? My guess is fake Israeli army uniform?"
comment,k7ivjbc,2023-11,1698941581,merny12,Unflaired/Unknown,25,t3_17m4vfo,t1_k7ingkz,,"I definitely understand what you’re going through, I live in the West Bank (שטחים) so I know your pain brother!
But I want to tell you that you weren’t naive, you just didn’t know who you can trust… I’ll explain, since I live in the West Bank i know a Palestinian or two, and they are real good people as a matter of fact one of them still comes into my “settlement” to work and we all sit to drink black coffee early in morning in the construction site. Why am I giving you this example? I want you to understand that you weren’t a 100% naive you just didn’t know who you can trust, who to believe because it is confusing:)
ו-וואלה אחי, אני יכול לסדר לך תמונה כזאת שלי עם הבחור המדובר, רק בשביל שתראה את האור בקצה המנהרה;) הכל זה חינוך… תחזיק מעמד, תרים ראש ונגיד ביחד עם ישראל חי!:)"
comment,k959u01,2023-11,1699922246,isaacfisher,Israeli,21,t3_17umbdt,t1_k951j1w,,It's considered ווסאח
comment,kil5176,2024-01,1705672136,Boring_Animal,Unflaired/Unknown,20,t3_19aj6s4,t3_19aj6s4,,הפוסט הזה לא ממש עוזר לך עם הטענה שאתה לא בסדר נפשית אחי
comment,lzfgg8v,2024-11,1732812623,CruntyMcNugget,Israeli,19,t3_1h1xjlf,t1_lzfdyaq,,"That is a very clear מ, although if you were right it would be a good explanation"
comment,m40oq9o,2024-12,1735299145,MajorTechnology8827,Israeli,17,t3_1hncnpv,t3_1hncnpv,,"I believe they do. However in judaism, we have a saying- כבדהו וחשדהו respect him, and suspect him 

We want to respect their stance and evolve into a peaceful resolution. But we can't trust them just because they made rhetorics

Regardless of morality. Everyone can agree Israel is achieving a specific objective in Syria - disarming them so even if they wanted to pose a threat to Israel. They can't. This option is not on the table

This is a manifestation of the Jewish saying. We will respect their wish to find coexistence. We won't trust they would"
comment,kgang2o,2024-01,1704385386,Leading-Fail-7263,Unflaired/Unknown,17,t3_18ycb1r,t3_18ycb1r,,"🎶יאללה יא נסראללה, נדפוק אותך אינשאללה, 
נחזיר אותך לאללה, עם כל החיזבאללה! 🎶"
comment,l83jq7b,2024-06,1718103544,Specific_Reaction_64,Israeli,16,t3_1dd9srd,t1_l83j6zr,,"זה בדיוק מה שאני לא אוהב r/israel, זה מרגיש כאילו בקושי יש ישראלים שם"
comment,lxqpdig,2024-11,1731929659,__Gulag__,Israeli,15,t3_1gu0bpn,t3_1gu0bpn,,"Not a question just be careful with OPSEC violations (ב""מ) when answering here"
comment,lu0lq3k,2024-10,1730041057,Derpasaurus_Rex1204,Unflaired/Unknown,15,t3_1gdcd3z,t1_lu0j8r0,,"I just say ""מטומטם"" in War Thunder, but no one understands it lol.

Then again, I lived in Australia pretty much my entire life, so my English is literally as aussie as it can get."
comment,lq6daa1,2024-10,1727979905,Scienceisfun321,Israeli,15,t3_1fvctyt,t1_lq68qwu,,"A muslim woman is not allowed to marry a non muslim man so it's also quite bizarre 😅

I'm not sure, i just know they are curious and pray with both. I don't know this woman personally, she posted on Facebook on a closed group of women only (מאמאצחיק😝)"
comment,lg7ch81,2024-08,1722633246,DresdenFilesBro,Israeli,15,t3_1eigwur,t3_1eigwur,,"inshallah= בעזרת השם

אותו הדבר, perfectly said :)"
comment,l8v98l6,2024-06,1718550182,the_wanderer_0120,Unflaired/Unknown,15,t3_1dh91th,t1_l8v8w9n,,Oh habibti/habibi peace will prevail one day and we will get to adore the beauty of each of our countries. מי ייתן והעולם יהיה יותר סימפתי (who'd give fo the world to be more sympathic)
comment,k96bo59,2023-11,1699938852,Gettin_Bi,Israeli,15,t3_17umbdt,t1_k959u01,,"For the non-Israelis, וואסח means cool and badass"
comment,ltl6qk7,2024-10,1729807979,JPM_R,Unflaired/Unknown,14,t3_1gb8iuh,t3_1gb8iuh,,יפה מאוד אחי! ימים יפים מאלה יגיעו בקרוב. אחיכם מכפר קטן מול הגבול בדרום לבנון
comment,lpubypx,2024-10,1727803574,yonacal12,Unflaired/Unknown,14,t3_1ftqqmz,t1_lpu3tec,,"Even more elegant: 
""בְּלֹם פִּיךָ בִּמְטוּטָא"""
comment,lp58noj,2024-09,1727417014,BHHB336,Israeli,14,t3_1fqglt6,t3_1fqglt6,,"If you want a more accurate transliteration (based on arabizi and linguistical transliteration of Hebrew) 3am yiśra2el 7ay/5ay 

Some notes from an amateur linguist:          

1. 7 and 5 merged in Hebrew to 7, but in Ashkenazi pronunciation, and later on in Israeli pronunciation it shifted to 5.                
2. Ś is pronounced like s in modern Hebrew, but it’s written with another letter, a letter that corresponds to Arabic ش (for example the Hebrew root ś.k.r שׂכ״ר is cognate with the Arabic root š.k.r شكر).          
3. 2 and 3 (and y before i) are commonly dropped, and that’s why many don’t see a reason to write them, and you’re left with am Israel chi"
comment,kil5wer,2024-01,1705672496,stairstoshambalha,Unflaired/Unknown,14,t3_19aj6s4,t3_19aj6s4,,"תשמור על עצמך, אתה במאניה"
post,1hc1j48,2024-12,1733944785,poopintheyoghurt,Unflaired/Unknown,12,t3_1hc1j48,,Online discussion between exiled Syrian government and pro Israeli Syrian leaders every one is welcome!,"https://us06web.zoom.us/j/85649327281?pwd=aWltbi7FabhaaWbaPe3W2jAD2rJhkp.1

Meeting ID: 856 4932 7281
Passcode: 344415

נראה לי יעניין פה חלק - קורה עכשיו :  מפגש *פתוח לציבור* עם ממשלת סוריה בגלות ומנהיגים סורים פרו ישראלים, מוזמנים לעקוב אחרי דף היוטיוב החדש לשידור הישיר (יום ד' ב- 19:30),
 https://www.youtube.com/channel/UCTF1uyXQJgfUC33QJcC7jTQ

: יצטרפו אלינו הערב דוברים מתוך סוריה, ומתוך עיראק, וחמיד מוטאשר האחוואזי,
וח""כ אוהד טל (חבר וועדת החוץ והביטחון של הכנסת) יצטרף למפגש כדי להגיב מטעם ישראל הרשמית לדוברים הסורים.


קצת מיינד פאק אבל חשוב להיות . 

https://www.youtube.com/channel/UCTF1uyXQJgfUC33QJcC7jTQ"
comment,lpu3tec,2024-10,1727801024,rs_5,Unflaired/Unknown,12,t3_1ftqqmz,t3_1ftqqmz,,"""סתום תפה""

Or in a more elegant way 

""בבקשה תסגור את הפה שלך"""
comment,lzfqhlv,2024-11,1732815917,tudorcat,Israeli,11,t3_1h1xjlf,t1_lzfdyaq,,It's very unlikely for a Hebrew speaker to mistakenly put a מ in צוות
comment,lsobflv,2024-10,1729340458,MrFlow44,Unflaired/Unknown,11,t3_1g7421u,t1_lsnpnng,,"Due to traditional difference between jewish diasporas you can find stigmas and social grouping of Jews from different places, mostly in 9lder generations since nowadays a lot of people jave parents from different heritages and a lot of us are at least 3rd generation Israel born.
Some of the things that are considered ""Yemenite jewish"" traits are longevity, robust health and a very happy attitude called in Hebrew ""שמחת חיים"" which is general happiness.
It's not a separate ethnic group all together."
comment,lpjcy2q,2024-09,1727637635,Gold_Chemical_4317,Israeli,11,t3_1fsa06c,t3_1fsa06c,,"Honestly i don’t think Lebanese saw it as a “generous” favor from us. First off it really wasn’t, since israel needed to make it clear where the border is and I don’t think Lebanon was that bothered, they had bigger problems. If there’s one thing I learned from this is that our mindset in israel is a little too focused on how the world should react to us rather than how it actually does. ואני לא יודעת איך לכתוב את זה באנגלית אבל דברים שרואים מכאן לא רואים משם וכו."
comment,lph0aak,2024-09,1727605344,sumostuff,Unflaired/Unknown,11,t3_1fs019h,t1_lpgujl4,,"I'm not sure how to interpret the headline,  I think they are saying that's the solution that Israel wants?  But it reads as if it's actually happening.      בישראל מתחילים לחתור לפתרון: צבא לבנון יירד לגבול וחיזבאללה יגורש

So it that the solution that they WANT, or something that is actually going to happen?"
post,1f3pj3y,2024-08,1724892468,Ra1nbow-man,Unflaired/Unknown,11,t3_1f3pj3y,,Gig In Lebanon!,"Gig In Lebanon - Nidfakta (Translation from Hebrew to English)

""lost my virginity
snorted lines
from the championship plate
took LSD in the forest
 released an album
 I still have some dreams left

 A gig in Lebanon
 What did I ask for?
 to perform in Lebanon
 That's all I dreamed about
 dance in the club
 A great party in Beirut
 break the boundaries (also borders in hebrew) 
 Like that, just like that

 I performed in front of the Knesset
 At a memorial, at a wedding,
 Rave on a train
 saw bands
 that i don't believe
 I still have some dreams left""

Nidfakta in an Israeli punk band, The band leans to the left side of politics and writes songs against militarism and the right-wing government.
In this song (Gig In Lebanon) The band expresses its desire for peace with the countries that surround us, including the possibility of visiting Lebanon and perform there. 

I, like the band, hope that one day I will be able to visit Lebanon.

(Original song lyrics)

נידפקת- גיג בלבנון

איבדתי את הבתולין
עשיתי שורות
מצלחת האליפות
אל.אס.די ביער
הוצאתי אלבום
עדיין נשארו לי כמה חלומות

גיג בלבנון
מה כבר ביקשתי
להופיע בלבנון
רק על זה חלמתי
לרקוד במועדון
בביירות באחלה פארטי
לשבור את הגבולות
ככה, פשוט ככה

הופעתי מול הכנסת
בחתונה באזכרה
ברייב ברכבת
ראיתי להקות
שאני לא מאמין
עדיין נשארו לי כמה חלומות  





"
comment,lixe3mj,2024-08,1724097812,DresdenFilesBro,Israeli,11,t3_1ew9g3w,t1_lixa2pe,,בושה שאתה תומך בכהנה.
comment,lisnznu,2024-08,1724024965,Lucky_Plane_5587,Unflaired/Unknown,11,t3_1evnmiv,t3_1evnmiv,,"cherry tree

resting in the cloud

A lemony jasmine scent

Lebanon

Mon Cheri  


Walking distance from here

on a white ridge

I wish I could turn

your beauty

Lebanon

Mon Amour



torn sister

I will wait in the box

Sing in Sidon and Tyre

Lebanon

Mon Amour



cherry tree

resting in the cloud

The story is not over yet

Lebanon

Mon Amour

עץ דובדבן  
נח בענן  
ריח יסמין לימוני  
לבנון  
Mon Cheri  
  
מרחק פסיעה מכאן  
על רכס לבן  
הלוואי ויכולתי לתור  
את יופייך  
לבנון  
Mon Amour  
  
אחות קרועה  
אחכה בכיסוף  
לשיר בצידון ובצור  
לבנון  
Mon Amour  
  
עץ דובדבן  
נח בענן  
עוד לא תם הסיפור  
לבנון  
Mon Amour"
comment,lqd8vak,2024-10,1728078435,DresdenFilesBro,Israeli,10,t3_1fw5taq,t3_1fw5taq,,"مزرعة has the root of 

ز ر ع

which actually is the same root for the word for ""seed"" in Hebrew.
זרע (عzer)

Really interesting etymology"
comment,lpumiyu,2024-10,1727806883,Prince_Kebaboni,Israeli,10,t3_1ftqqmz,t3_1ftqqmz,,"סתום תפה יזין אמאמאשך זונה תיחנק על הזין הקטן של עצמך אמן
 Mods please don't delete me I'm just trying to help 🙏🏼🙏🏼"
comment,lpu0ocm,2024-10,1727800022,AzorAhaiReborn298,Unflaired/Unknown,10,t3_1ftqqmz,t3_1ftqqmz,,סתום ת'פה יא דפוק
post,1ezd4rz,2024-08,1724420679,CruntyMcNugget,Israeli,10,t3_1ezd4rz,,"Evan Hadfield (Rare Earth): Continued. How do you feel about this video, especially after criticism on the first Lebanon video he posted?","Continuing from [this](https://www.reddit.com/r/ForbiddenBromance/comments/1ep5r9k/evan_hadfield_rare_earth_yt_creator_detained_in/?utm_source=share&utm_medium=web3x&utm_name=web3xcss&utm_term=1&utm_content=share_button) post, where many Lebanese submembers criticized Evan for being poorly informed.

Rare earth posted their first ""regular"" video on Lebanon, in their classic format and style as opposed to the previous hour-long story. I would love to hear Lebasese thoughts on this content. Do you feel Evan accurately presents your culture? Do you agree with how he describes your connection to Lebanese ceder?

I was raised as a religous Jew, and the ceders of Lebanon (ארזי הלבנון) are a very recognizable biblical symbol for strength, and are mentioned in prayer on a few occasions (as in: ""god is so powerful he can break the ceders of Lebanon"", or ""the righteous one will grow like the ceders of Lebanon "")."
comment,kibf8hk,2024-01,1705516844,simpleman9006,Unflaired/Unknown,10,t3_1991fnm,t3_1991fnm,,כפרה עלייך
post,187r5sf,2023-11,1701373374,Geoffrey_Cohen,Unflaired/Unknown,10,t3_187r5sf,,הצהרה של נסראללה,"It's two weeks old already but I've just seen it and I couldn't not share it here.

I will try and put the translation in a comment if I have time maybe tomorrow, unless someone else does it before me."
comment,kafihtd,2023-11,1700742080,Haunting_Birthday135,Israeli,10,t3_181zqxh,t3_181zqxh,,"What kind of movies are you into? [Here is a list](https://he.wikipedia.org/wiki/מאה_הסרטים_הישראליים_הנצפים_ביותר_בכל_הזמנים) of the top 100 highest-grossing Israeli films, most of them are timeless classics. You can translate the page."
comment,k9l38dl,2023-11,1700186783,LevantinePlantCult,Unflaired/Unknown,10,t3_17wzou4,t3_17wzou4,,"Interesting. It didn't tell me much I didn't already know, but I appreciated a deeper dive into pre -1948 social divisions and how they evolved after the end of WWI. 

That ""Palestinian"" is a term that used to exclusively refer to Jews in the region back in the day is not news to me. One of Israel's oldest papers is the Jerusalem Post, but when it was founded in 1932, it was called the Palestine Post. 

That's in English, of course. In Hebrew, it was typically referred to, by us at least, in both ancient and modern times as ארץ ישראל - eretz yisrael. It's still called that today, but to distinguish the land from the modern nation-state, we would say מדינת ישראל - medinat yisrael."
comment,lzgoyko,2024-11,1732827477,trueHolyGiraffe,Israeli,9,t3_1h1xjlf,t3_1h1xjlf,,"צומת אבירם Aviram Junction  
ממשיכים את keeping on  
השמחה the joy"
comment,lxt5h01,2024-11,1731960206,DresdenFilesBro,Israeli,9,t3_1gucpko,t3_1gucpko,,כל הכבודדד!
comment,lr6x9ry,2024-10,1728526575,theyellowbaboon,Unflaired/Unknown,9,t3_1g0278i,t1_lr5u94g,,נהריה. המון צדלניקים.
comment,lowca3s,2024-09,1727289933,DresdenFilesBro,Israeli,9,t3_1fpalmi,t1_lowayaf,,"ahhh druziii ma kore ach sheliii.

Allah yishmor otha انشالله وامين <3!

أنا مغربي (מרוקאי) אז למדתי לקרוא ערבית ויש לי קצת ידע."
comment,k7nrr21,2023-11,1699024327,idan_zamir,Unflaired/Unknown,9,t3_17mvrwb,t1_k7nr2yg,,"בגדול, השאלה הגדולה הייתה האם נצראללה רוצה הסלמה, חמאס מתחננים ממנו כבר חודש שיפתח חזית שנייה.

הוא אומר להם להרגע, הוא טוען דהמערכה בצפון היא משמעותית ומסיטה את תשומת ליבו של צה''ל, ואומר לעזתים להיעזר בסבלנות ואומץ. הוא גם מזהיר את ארצות הברית ואומר שהוא לא מפחד ממנה.

וכמובן שהוא מדבר על השהידים האמיצים וההתנגדות האמיצה ובלה בלה בלה בלה"
comment,k7lx5v3,2023-11,1698984232,WorldsShortestElf,Unflaired/Unknown,9,t3_17mgwp5,t1_k7kvetk,,"Mods in ISR can be total assholes though. Tread with care. I once got into an argument with one of them about the legitimacy of human euthanasia (and wether not it's legit to rape a woman alive, effectively what the post was about), and because I continuously said that people should be allowed to die if they want to and rape is always bad, he tagged me as a ילדת סנטר. I have trauma from that place and am currently helping one of the pedophiles who hurt me there in jail. The סנטר is a deeply traumatizing place for teenage girls and the fact that they think it's a diss should make any person wary."
post,1h54gvh,2024-12,1733170346,shay123454,Israeli,8,t3_1h54gvh,,Music,"Really random. Share some good Arabic/Hebrew Music. Don't try to represent your Country just your own music taste. I'll start: ""הילטון"", ""אצלך בעולם"", ""הבלדה על אביר החופש ובת גלים"", ""יפה כלבנה"""
comment,lrhgnda,2024-10,1728686644,ArpanMaster,Unflaired/Unknown,8,t3_1g1gnog,t3_1g1gnog,,תשמור על עצמך.
comment,lrbmku3,2024-10,1728598624,Reasonable_Wolf1883,Israeli,8,t3_1g0ot2b,t1_lrag4au,,"אני לא אוהב לענות לך בעברית כי זה לא יפה שהלבנונים  פה צריכים לתרגם בשביל להבין אותי, אבל מאוחר בלילה ואין לי כוח.

המאמצים ההסברתיים עובדים, זאת עובדה בשטח, זה שאתה רואה קהל של נאצים שטופי מוח לא אומר כלום על האפקטיביות של ההסברה הישראלית, זה גם לא נועד לאותם אנשים.

זה נועד לאדם הממוצע, שכל היום שומע תקשורת חד צדדית, כל היום שומע את אותם פרו נאצים צועקים ברחובות ג'נוסייד ומאשימים את הציונים בכל דבר רע שקיים בעולם, והוא, שלא מכיר את ההיסטוריה והניואנסים של קונפליקט ספציפי בעולם, לא מקבל תמונה מלאה ואפילו לא זוכה לשמוע את הצד השני, בשביל זה קיימת ההסברה, כי התקשורת בעולם שדרכה אנשים חווים אירועים אף פעם לא הייתה לצידנו, לא משנה מה."
comment,lpda5yh,2024-09,1727544783,LevantinePlantCult,Unflaired/Unknown,8,t3_1fr9gqe,t3_1fr9gqe,,יאללה יא נסראללה
comment,lmwz9kw,2024-09,1726229070,Efficient_Wallaby144,Unflaired/Unknown,8,t3_1fflxax,t3_1fflxax,,It’s yalla bye… יאללה ביי يلا باي
comment,lhs5oy3,2024-08,1723486061,Few-Landscape-5067,Unflaired/Unknown,8,t3_1eq9kzn,t1_lhqt1l8,,"I've wondered if it might bring people together to talk about their common history, but I'm not sure what Lebanese people would think about it or how they view the ancient Phoenicians.

Jews and Lebanese have related ancestors, because Jews are a ""Canaanitic"" people (as a term applied to a cultural/linguistic group). Hebrew is mutually intelligible with Phoenician. There's a [list of Phoenician vocabulary online](https://digitalthought.info/Phoenician.pdf) that should be recognizable to Israelis. Hebrew switched to an Aramaic alphabet a long time ago, but before that the Phoenician and Hebrew alphabet were the same. The Wikipedia page on Canaanitic Languages has some references.

I once read that the identifiable difference between a Canaanite archaeological site and an Israelite one is just that the Canaanite one has pork bones.

It seems likely that the word ""Europe"" comes from ערב ('ayin, R, V/B), meaning west (of the Phoenicians).

It would be interesting if people could look deeper into the history and find things that help them see more of the connections."
comment,kis2xlh,2024-01,1705778828,WorldsShortestElf,Unflaired/Unknown,8,t3_19bgrce,t3_19bgrce,,"Anyone who doesn't should get a handheld radio. Important messages will be shared on radio. If we have to be in shelters for a prolonged period of time, they will use radio to inform us that we can go out. Get one, and go one the פיקוד העורף website for instructions on how exactly to use it. Get canned and preserved foods by the plenty, as well as bottled water. If you have pets, be ready with an escape plan to take them with you; if you're in danger then they are too. Be strong fam. Be brave. ❤️"
comment,lvb77qd,2024-11,1730701858,ettehdan,Unflaired/Unknown,7,t3_1giw6b4,t1_lv96zs8,,"שִׁמְעוּ בָּנִים נִינֵי אֵיתָנִים כִּי נֶאֱמָנִים דַּרְכֵי שָׁלוֹם  
Listen children, descendants of the strong,   
for the ways of peace are faithful  
  
אַתֶּם שָׁלוֹם בֵּיתְכֶם שָׁלוֹם וְכֹל אֲשֶׁר לָכֶם שָׁלוֹם  
Peace to you, Peace to your house,   
and peace to all that you have  
  
אֱמֶת תִּקְנוּ בֵּיתְכֶם תִּבְנוּ  
אִם לֹא תִּפְנוּ לְהֶבֶל כְּלוּם  
achieve the truth and build your home  
  
if you will not turn to emptiness  
הַלְּלִי נַפְשִׁי הַלְּלִי  
פִּצְחִי רִנָּה  וְצַהֲלִי  
my soul praises, praises  
bursts forth with song and rejoicing"
comment,lquryh2,2024-10,1728341995,BHHB336,Israeli,7,t3_1fyegl6,t1_lqtvsnq,,"Tlat ofan is a tricycle, and it’s from the Aramaic word תלת, both the Arabic ثلاث"
comment,lpxhjbw,2024-10,1727843729,m1sk,Unflaired/Unknown,7,t3_1ftqqmz,t1_lptr1f8,,סתווום for effect
comment,lptxn8z,2024-10,1727799023,ihaveagoodusername2,Israeli,7,t3_1ftqqmz,t1_lptxf8e,,"כי לספח שטחים עבד נהדר כל פעם אחרת(,לא לדבר בכלל על הקהילה הבינלאומית ועל ממשלת לבנון)"
comment,lpnn1e8,2024-09,1727707466,BakedCheeseBeans,Israeli,7,t3_1fssf8f,t1_lpmqls9,,"He can't make plans, as any public plan would be open to scrutiny, and he wants to remain in power. As Jay Foreman said, ""Politicians all suffer from chronic job insecurity. If they say something stupid, they could become unemployed within hours or days.""

He's growing increasingly unpopular, and any public statement about plans would just make his appearance worse than it already is (If that's even possible while being in a coalition with the self-proclaimed ""[fascist homophobe](https://www.haaretz.com/israel-news/2023-01-16/ty-article/.premium/israels-far-right-finance-minister-im-a-fascist-homophobe-but-i-wont-stone-gays/00000185-b921-de59-a98f-ff7f47c70000)"" ([קישור להקלטה](https://www.kan.org.il/content/kan-news/politic/243291/)) that said ""[Hamas is an asset](https://www.youtube.com/watch?v=pB16PMEPuiM)"").

I think any plans that exist, if any at all, are intentionally kept private, but honestly it's more likely that he's just delaying even creating any plans in the first place."
comment,lp75fer,2024-09,1727450998,yaSuissa,Israeli,7,t3_1fqpfk1,t1_lp73uk3,,"1. There's a huge difference between ""ארץ ישראל השלמה"" and ""the greater Israel"". This says nothing about using Lebanese/Syrian/Jordanian land for ""making Israel great again"" or whatever. This is about this government being idiotic about a contentious place like the west bank.
2. There are other things I don't like about this specific article, but I'm not gonna waste my energy defending these assholes, they don't deserve it"
comment,l9zn57b,2024-06,1719193661,theyellowbaboon,Unflaired/Unknown,7,t3_1dn17vj,t1_l9zkosg,,"אני מקווה שאתה צןדק, אבל אני חושב שאתה טועה."
comment,k7o8745,2023-11,1699030339,gilad_ironi,Unflaired/Unknown,7,t3_17mvrwb,t1_k7nsflp,,"הוא אמר שחיזבאללה לא ידעו כלום על ה7 באוקטובר ושהמלחמה הזאת היא מלחמה פלסטינית בלבד.

בייסיקלי ""לא ידעתי לא שמעתי אל תערבו אותי"""
comment,m0392q4,2024-12,1733171025,Agreeable-Message-16,Lebanese,6,t3_1h54gvh,t3_1h54gvh,,anything tamino + עד מחר- eviatar banai
comment,lso16an,2024-10,1729335058,MuskyScent972,Unflaired/Unknown,6,t3_1g7421u,t1_lsnzspk,,">How do you know it’s needed?

Because Hamas designed this war specifically to inflict maximum casualties and the IDF does not use carpet bombing techniques. In fact, if the IDF objective was maximum civ death it would be really easy to achieve much more than 40k in a matter of days.

>Not an excuse, especially not for הצבא המוסרי בעולם

It's not an excuse, it's a fact, corroborated by foreign military personnel working with IDF, that the IDF does more than most western militaries to avoid civilian casualties.

>Look at the 2 minister calling the shots.

Galant and Bibi are milk-toast center-right at most.

>you can’t ignore the context,

 You seem to be ignoring the context that the Lebanese state Hase ceded sovereignty in south Lebanon to a genocidal terrorist organization that has attacked Israel numerous times since 2001."
comment,ls44127,2024-10,1729032094,GrazingGeese,Unflaired/Unknown,6,t3_1g4432s,t1_ls11jf8,,"How would you define better? 90% of conversations of this sub are rosy, hopeful, loving messages of compassion and peace. That's lovely, if a bit insipid at times. 

I think it's okay to spice up conversations with topics that may be difficult to handle, such as terms used to describe rightful aspirations to self-determination of a people whose enemy use the terms as insults.

If there's any place on reddit to share this matter with Arabs who won't **automatically** shut it down, it's on this sub.

I'm also ready to hear the grievances from the other side, I'll stand with my Lebanese brethren for better, and for worst. 

עַל הַדְּבַשׁ וְעַל הָעֹקֶץ,  
עַל הַמַּר וְהַמָּתוֹק

You know?"
comment,lrj9ym9,2024-10,1728718645,shsjjsjsnsmsmmaamk,Unflaired/Unknown,6,t3_1g1gnog,t1_lrhgnda,,תודה אחי
comment,lraysav,2024-10,1728590672,Fthku,Israeli,6,t3_1g0ot2b,t3_1g0ot2b,,"הבחור הזה גם אמר שישראל מבצעת טבח עם בעזה.

תשמע, אתה קשקשן שמדבר מבלי להבין על מה הוא מדבר. אתה גם הפכפך בטירוף מהממש קצת שאני רואה בתגובות שלך. אתה הבחור שחצה את הגבול והגיע לדאחייה במקרה?"
comment,lpz9jsj,2024-10,1727878648,Worldly_Funtimes,Diaspora Israeli,6,t3_1fudjxx,t1_lpz98wh,,"When you say a couple of shelters per floor, I’m assuming you mean ממ״ד and not the old fashioned underground מקלט. Mamadim wouldn’t have held up against the ballistic missiles which were shot by Iran yesterday (if any hit)."
comment,lpuznyd,2024-10,1727810964,ItayMarlov,Israeli,6,t3_1ftqqmz,t3_1ftqqmz,,"Excuse my bluntness;
סתום ת'פאקינג פה"
comment,lpu7gbm,2024-10,1727802162,Liel-this-is-me,Unflaired/Unknown,6,t3_1ftqqmz,t3_1ftqqmz,,סתום את הפה
comment,lph2qo5,2024-09,1727607006,tFighterPilot,Israeli,6,t3_1fs019h,t1_lpgzzt2,,"Next time try reading the actual article rather than the headline. Also, read the headline better. It says יירד, not ירד. That is, in the future. A future which is only Israel's plan, for now, according to the article.

ישראל מתחילה לזהות מתאר של פתרון: ירידה של צבא לבנון עצמו לגבול, ולמעשה גירוש חיזבאללה ככוח צבאי מהדרום. זה לא קרוב, אבל התקרב משמעותית בשבועיים האחרונים. 

(translation for others: Israel begins to recognize a template of a solution: Descent of the Lebanese army itself to the border, and in fact banishing Hezbollah as a military power from the south. It's not close, but got significantly closer in the past two weeks."
comment,lowhf8m,2024-09,1727291547,Israelidru,Israeli,6,t3_1fpalmi,t1_lowfwdp,,"תודה כפרה, גם איתך."
comment,londwgx,2024-09,1727156575,ZommHafna,Israeli,6,t3_1fo53eq,t3_1fo53eq,,"As far as I know there was a railroad connecting Damascus, Haifa and Beirut before 1948.

I would like to see the name of Beirut being officially adapted (בְּאֵרוֹת, be’erot) to Hebrew instead of just a transcription (בֵיירוּת, beyrut). 🫤"
comment,lgoyihi,2024-08,1722902358,kemicel,Unflaired/Unknown,6,t3_1ekrwxz,t1_lgo00qq,,"More a sister than a bro but I got you! I completely agree with your sentiment  “״ביחד ננצח the hate. Just out of curiosity, what general region in Israel are you? I’ve been talking about demographics versus political leanings so it’s interesting to me to see if my thinking is right?"
comment,lga0wcd,2024-08,1722679233,DresdenFilesBro,Israeli,6,t3_1eitt3m,t1_lg9owe5,,"Because using a false rumor/source is problematic, especially when it's easy to read it online in this day and age.

Double checking your sources is a bare minimum.

ובתור ישראלי אתה אמור לדעת את זה, אסור לנו לצאת אל-ג'זירה."
comment,kilqtwy,2024-01,1705680293,Boring_Animal,Unflaired/Unknown,6,t3_19aj6s4,t1_kilipms,,אוקיי אז אל תתלונן אם שולחים אותך שוב למחלקה סגורה
comment,kh1qw7z,2024-01,1704807036,MuskyScent972,Unflaired/Unknown,6,t3_192d3wc,t3_192d3wc,,מזל שאלוהים ברא את יד ימין
comment,kg0lkf7,2024-01,1704223243,Da_Meowster,Unflaired/Unknown,6,t3_18wtpfw,t1_kg0d9eu,,חחחח גם אני חיפאי וקם מוקדם מחר
comment,k9igpf3,2023-11,1700149160,gilad_ironi,Unflaired/Unknown,6,t3_17wpean,t1_k9igjn9,,אלמוגי
comment,k9hr6ih,2023-11,1700137932,Haunting_Birthday135,Israeli,6,t3_17wknk7,t1_k9hq47x,,מכה זה בערב הסעודית 🤦🏻‍♂️
comment,lylf7k9,2024-11,1732378069,Sub2Flamezy,Unflaired/Unknown,5,t3_1gxy4hn,t1_lykfywo,,Army is directed by Gvir & Smotrich?? That's head of national security and finance.. you need alot more to run an army. + What is happening quite literally does not constitute genocide. Actus reas doesnt mean shit if not with Means Rea and indentifiable Specialus Dolus. Please Learn your facts אחי
comment,lxtfyoo,2024-11,1731963405,OptimismNeeded,Israeli,5,t3_1gucpko,t1_lxtfqio,,"‏Incase you’re not aware:

*ביום ב’ בשבוע הבא 4.11 יצויין יום השנה ה-29  לרצח רה”מ יצחק רבין.* במערכת החינוך הוא מצויין ע”פ התאריך העברי (י”ב בחשוון), שהשנה יצא ב-13.11. 

אם להסיק מההודעה שקיבלנו הבוקר מאמא לילדה בבי”ס משלב (בתמונה למעלה), יש סיכוי שביום הזה גם הילדים שלכם יהיו בטקס לזכרה של רחל אימנו*. או ינתחו ציור של קוביה הונגרית בצבעי הלאום (במערך של משרד החינוך לזרם הממלכתי: did.li/ 4YAIw ) 

*על הרצח הפוליטי, שבוצע ע”י רוצח יהודי דתי, על רקע לאומני-דתי, בעידוד רבנים ופוליטיקאים מכהנים, הם לא ילמדו. הורים, גם המעשה החינוכי הזה – עלינו.*

*למה רחל אימנו? אחת השיטות לטשטוש הרצח בזרם החינוך הממלכתי-דתי, היתה לשלוף את יום פטירת רחל אמנו, שחל באותו תאריך עברי ע”פ המסורת, ולדרוש לציין גם אותו. הדמות המקראית, שנפטרה בשעת לידת בנה, החלה מקבלת את אותה חשיבות של ראש ממשלה בשר ודם, שנרצח ע”י לאומן דתי. קלאסיקה של שיכתוב היסטורי. אבל מה שקורה בחמ”ד לא נשאר בחמ”ד, ואם זה יגיע לביה”ס של הילדים שלכם זו לא תהיה הפתעה. זה לא יהיה תקין, אבל גם לא יהיה מפתיע. 

מייד אחרי הרצח ~במקום לפתוח דיון ציבורי נוקב על ההסתה, השנאה, ואי כיבוד כללי הדמוקרטיה~ חובקנו חיבוק דוב. התבקשנו להתאחד. להשתיק את הביקורת. זה לא הזמן. אחים אנחנו. 

*את המסר הזה בדיוק, עלולים לקבל (גם) ביום הזיכרון לרצח רבין, ילדי החינוך הממלכתי, לו זה היה תלוי רק במשרד החינוך. מזל שלא.*
*הורים – יש מה לעשות:*

1.	פתחו את מערכי משרד החינוך. לא תוכלו להישאר אדישים אחריהם: https ://did.li/4YAIw

2.	שאלו את הילדים אם הם לומדים על רחל אימנו בימים האלה, זה יהיה רמז טוב.

3.	בדקו עם המחנכת מה תכניות ביה”ס, ומי יעביר את הפעילויות."
comment,lwtk1tj,2024-11,1731449719,extrastone,Israeli,5,t3_1gpw8ba,t1_lwthts3,,"ביטוי חשוב: ""יש אנשים קיצונים בכל מקום בכל צד.""  זה משהו שלא מדגישים מספיק באינטרנט."
comment,lvcb4pn,2024-11,1730725835,xXx_Adam_xXx,Israeli,5,t3_1giw6b4,t1_lv9360y,,"Israelite population started to arrive in Canaan in 1400BC. 

For reference the oldest recorded battle in Human history Megiddo happened in 1457BC between Ancient Egypt and the Canaanites.

Israelites migrated to Egypt around 1250BC due to famine in Canaan and the Exodus from Egypt happened anywhere from 1250-1200BC 

After the Exodus Israelites continued living in Israel and in 1047BC established the Kingdom of Israel.

In 930BC it split into the Northern kingdom of Israel and the Southern kingdom of Judah.

The Northern kingdom was conquered by the Assyrian Empire in 720BC. The Southern kingdom was conquered in 587BC by the Babylonian Empire, starting the Babylonian Exile.

The exile in Babylon lasted from 597BC until 538BC, it ended due to Cyrus the Great conquering Babylon and liberating the Israelites letting them return to Canaan and live in an autonomous province under his Empire called Yehud Medinata.

The Israelites until now believed in Yahwism, which was a Polytheist religion similar to that of the Phoenicians, it was different in that while believing in multiple deities they only worshipped one, Yahweh(YHWH in Hebrew יהוה, which is the name of Elohim that should not be named, I am doing so for demonstration). But after returning from the Exile thanks to Cyrus the Great their religion split into Samaritanism & Judaism, Samaritanism today is almost extinct at ≈900 members. 

Fast forward Alexander the Great conquers the Persian Empire then his Empire breaks up after his death Seleucids conquer Syria & Canaan from Greek Ptolemaic Egypt, fast forward again Seleucid Emperor Antiochus IV forces non Greeks to Hellenise, Jews resist it and maintain their culture after a revolt(aided by Rome)

Fast forward Roman Empire conquers Canaan and years later decide to turn Jerusalem into a shrine from Jupiter(Roman God) and rename the City Aelia Capitolina. Jews revolt again(Bar Kochva Revolt 132-135CE) and lose getting mass genocided and enslaved (date 136CE) the Roman province of Judea/Ivdea is renamed Syria-Palestina. Prior to the genocide from Canaan the Kitos wars(115-117CE) also happened due to ethnic conflict between Greeks & Jews in Cyprus, the Roman Empire intervened and made so Jews no longer exist in Cyprus (genocide).

So really dude saying we came from nowhere is like me saying Phoenicians never existed and all Lebanese are French colonisers mixed with Arabs from the Caliphate, it's just not true."
comment,lpv3ha8,2024-10,1727812131,michaelganot1802,Israeli,5,t3_1ftqqmz,t3_1ftqqmz,,סתום תפה
comment,lptx2mv,2024-10,1727798839,ihaveagoodusername2,Israeli,5,t3_1ftqqmz,t1_lptwthl,,לקרוא לסיפוח של חלק מלבנון זה לא בדיוק משהו טוב
comment,lp9me86,2024-09,1727481469,Putrid-Distance-1475,Unflaired/Unknown,5,t3_1fqz9a2,t1_lp94lup,,That's actually how the Talmud explains the dissonance between בנפול אויבך אל תשמח - ובאבוד רשעים רינה
comment,lou05xz,2024-09,1727259948,Prince_Kebaboni,Israeli,5,t3_1fp0w8g,t1_lou03pd,,"you need two י you just said ""heal hitler"""
comment,litug8i,2024-08,1724043310,naidav24,Israeli,5,t3_1evnmiv,t1_lisnznu,,אחכה בכיסוף = I will wait yearningly
comment,l9gbptl,2024-06,1718886879,Hagrid1994,Israeli,5,t3_1dk6wug,t1_l9fygv3,,"נראה לך שישראל תצא למסע כיבוש כ""כ גדול ומיותר?מה נרוויח מזה?מה נעשה עם כל מי שכבר נמצא שם?והעם אף פעם לא תמך בפעולה צבאית שנראתה לו עקומה.זה היה מאוד בולט במלחמת לבנון הראשונה"
comment,k9w3q2x,2023-11,1700403526,theyellowbaboon,Unflaired/Unknown,5,t3_17yvk1t,t1_k9w32ot,,"כן אבל זה הסטה לומר שאת/ה מסכים/ה עם החמאס. 

ראיון זאת לא הסטה."
comment,k7f86su,2023-11,1698874583,pinchasthegris,Unflaired/Unknown,5,t3_17lefai,t3_17lefai,,תקוף תעשה ביגועים!
comment,lxqanpg,2024-11,1731920163,Normal98,Diaspora Israeli,4,t3_1gu0bpn,t1_lxq9z0f,,יפה כל הכבוד.  How long were you in ? Also do you want to say what unit you are ?
comment,lxe93s0,2024-11,1731738135,Serious_Journalist14,Unflaired/Unknown,4,t3_1gsg84b,t1_lxe8kkt,,The current government pm has been ruling Israel for a quarter of it's lifetime. And the fact they still aren't forced to conscript or even to public service undermines the idea that Israel is a full democracy currently. Because it clearly gives preferential treatment to hardeim. It also comes in many other forms from government subsidies to many singular cases like how the government did everything it could go allow hardeim fly to אומן but didn't do the same effort to actually rescue Israelis that had their flights cancelled from other countries.
comment,lrkog2t,2024-10,1728745205,Ofekino12,Unflaired/Unknown,4,t3_1g1ydoe,t1_lrknp5l,,"די עם* השטויות האלה.

Racist to who exactly lmao"
comment,lqf9gqj,2024-10,1728112550,OOMException,Unflaired/Unknown,4,t3_1fw5taq,t1_lqd8vak,,"The root in Arabic has the same meaning as in Hebrew,.more or less. 

زَرَعَ [ שורש: زرع ]
בניין: 1 , ע' הפועל בעתיד:   ـَ

    מצדר:   زَرْع ، زِرَاعَة

    ― ه
        זָרַע אֶת-
        שָׁתַל אֶת-, נָטַע אֶת-
        פִּזֵּר אֶת-, הִנִּיחַ אֶת- (מוקשים)
        עִבֵּד אֶת- (אדמה)
        גִּדֵל אֶת- (ירקות וכו')
        הִשְׁתִּיל אֶת- (איבר, רקמה)


The M (م، מ) in both languages is used for a place. מטבח, מרעה.  مطبخ، مرتع،"
comment,lpva0n8,2024-10,1727814139,yaSuissa,Israeli,4,t3_1ftvga0,t1_lpv96bk,,"I agree, but that would mean Fatah would actually have to TRY to make their citizens' lives better, instead of declaring them ""poor refugees"" even though they're 3rd generation to their families in שכם. 🤷‍♂️

They could have made better roads, better basic infrastructure like trash, police, electricity, water, etc,
But apparently nobody in Fatah ever played SimCity so they spend all their money on propaganda and blaming the Jews for their shite decisions"
comment,lpv0gay,2024-10,1727811206,Big_Blueberry_9828,Unflaired/Unknown,4,t3_1ftqqmz,t3_1ftqqmz,,I would go for סתום או שאני אזיין אותך ואת אמא שלך ישרמיט
comment,lpuzonu,2024-10,1727810969,ItayMarlov,Israeli,4,t3_1ftqqmz,t3_1ftqqmz,,"Excuse my bluntness;
סתום ת'פאקינג פה"
comment,lpux7sq,2024-10,1727810197,YellowBunny18,Unflaired/Unknown,4,t3_1ftqqmz,t3_1ftqqmz,,"""אדון נכבד, אשמח נא אם תשמור את פיך סגור"""
comment,lpuu13t,2024-10,1727809213,Anregni,Unflaired/Unknown,4,t3_1ftqqmz,t1_lptqz56,,"Or an alternative:

שתוק ישמוק"
comment,lpmvwg1,2024-09,1727696499,Basic_Suggestion3476,Israeli,4,t3_1fsnx9d,t1_lpmto6w,,"It was on a saved image from one of the Israeli news site on the במ subreddit. By the look it was from n12, the headline was ""estimation are that Nasrallah died of suffocation"".

From all the ways to die, suffocation underground in total darkness sounds nightmarish. Ok, writing this just caused me to feel bad for him."
comment,lpbi7n2,2024-09,1727518047,MuskyScent972,Unflaired/Unknown,4,t3_1fraux6,t3_1fraux6,,אין מכבי בחיפה ואלירן שודד זקנות
comment,lp5u6fj,2024-09,1727431588,Scienceisfun321,Israeli,4,t3_1fqglt6,t1_lp5q2ia,,"I knew a lot of words that are similar, and asked GPT:

Here's a list of words that sound similar in both languages:

1. **Eye**
   - **Hebrew**: *Ayin* (עַיִן)
   - **Arabic**: *Ayn* (عين)

2. **House**
   - **Hebrew**: *Bayit* (בַּיִת)
   - **Arabic**: *Bayt* (بيت)

3. **Peace**
   - **Hebrew**: *Shalom* (שָׁלוֹם)
   - **Arabic**: *Salam* (سلام)

4. **King**
   - **Hebrew**: *Melech* (מֶלֶךְ)
   - **Arabic**: *Malik* (ملك)

5. **Night**
   - **Hebrew**: *Layla* (לַיְלָה)
   - **Arabic**: *Layl* (ليل)

6. **Water**
   - **Hebrew**: *Mayim* (מַיִם)
   - **Arabic**: *Ma'* (ماء)

7. **Sun**
   - **Hebrew**: *Shemesh* (שֶׁמֶשׁ)
   - **Arabic**: *Shams* (شمس)

8. **Name**
   - **Hebrew**: *Shem* (שֵׁם)
   - **Arabic**: *Ism* (اسم)

9. **Hand**
   - **Hebrew**: *Yad* (יָד)
   - **Arabic**: *Yad* (يد)

10. **Heart**
    - **Hebrew**: *Lev* (לֵב)
    - **Arabic**: *Qalb* (قلب)

11. **Father**
    - **Hebrew**: *Av* (אָב)
    - **Arabic**: *Ab* (أب)

12. **Mother**
    - **Hebrew**: *Em* (אֵם)
    - **Arabic**: *Umm* (أم)

13. **Brother**
    - **Hebrew**: *Ach* (אָח)
    - **Arabic**: *Akh* (أخ)

14. **Sister**
    - **Hebrew**: *Achot* (אָחוֹת)
    - **Arabic**: *Ukht* (أخت)

15. **Ear**
    - **Hebrew**: *Ozen* (אֹזֶן)
    - **Arabic**: *Udhun* (أذن)

16. **Head**
    - **Hebrew**: *Rosh* (רֹאשׁ)
    - **Arabic**: *Ra's* (رأس)

17. **World**
    - **Hebrew**: *Olam* (עוֹלָם)
    - **Arabic**: *Alam* (عالم)

18. **Book**
    - **Hebrew**: *Sefer* (סֵפֶר)
    - **Arabic**: *Sifr* (صفر)

19. **Day**
    - **Hebrew**: *Yom* (יוֹם)
    - **Arabic**: *Yawm* (يوم)

20. **Gold**
    - **Hebrew**: *Zahav* (זָהָב)
    - **Arabic**: *Dhahab* (ذهب)

These similarities arise from shared etymological roots and often reflect common cultural and historical ties. While the pronunciations might not be identical due to differences in phonetics and script, they are often close enough to be recognizable between the two languages."
comment,lp1mux1,2024-09,1727369106,Fthku,Israeli,4,t3_1fpoilx,t1_lozc9ri,,הוא ישראלי גם אבל
comment,la5bhpl,2024-06,1719282075,Large-Fig-4718,Unflaired/Unknown,4,t3_1dnu31e,t1_la59yj7,,Just fyi in Arabic you could transliterate it Hezb or Hizb but not Hazb. Also in Hebrew doesn't it have a khiriq ie חִזְבְּאַללַּה?
comment,l9m6kzp,2024-06,1718978124,LevantinePlantCult,Unflaired/Unknown,4,t3_1dkxf2o,t1_l9m4if2,,"I mean I cruise a few other subs and some of them like the meme subs are mostly in Hebrew. And I type in Hebrew just fine on Reddit 

איזה כיף"
comment,l83zmyw,2024-06,1718111279,pnassy,Israeli,4,t3_1dd9srd,t1_l83jq7b,,נכוןן
comment,l6u6dhc,2024-06,1717371933,matande31,Israeli,4,t3_1d6nvye,t1_l6tny73,,נשמע כמו אשכנזי טיפוסי שלא ראה קיר חיצוני של מועדון מימיו.
comment,kigk89g,2024-01,1705598063,Infamous_Neck_1201,Unflaired/Unknown,4,t3_1991fnm,t1_kigbsw1,,god is mighty - Elohim hadirim - אלוהים אדירים
comment,k7nsflp,2023-11,1699024582,rs_5,Unflaired/Unknown,4,t3_17mvrwb,t1_k7nrr21,,אז הוא לא אמר שום דבר בעצם?
comment,m4dmq1w,2024-12,1735492016,zorg-is-real,Israeli,3,t3_1hobbdb,t1_m48f7zr,,תכלס לא יעשו לו כלום.
comment,m49l1cv,2024-12,1735426934,Gold_Chemical_4317,Israeli,3,t3_1hoa0hu,t3_1hoa0hu,,"“Greater Israel (Hebrew: ארץ ישראל השלמה, Eretz Yisrael Hashlema) is an expression with several different biblical and political meanings over time. It is often used, in an irredentist fashion, to refer to the historic or desired borders of Israel.
Currently, the most common definition of the land encompassed by the term is the territory of the State of Israel together with the Palestinian territories. Other definitions, favored by Revisionist Zionists, included the territory of the former Emirate of Transjordan, the Sinai Peninsula, and the Golan Heights.“ 

This is from wikipedia and i think it describes it well enough. Lately its mainly been used to describe Israels “desire” to conquer lebanon and jordan. It’s considered a very niche and extreme ideology in israel. Nobody wants that here, we literally have peace with jordan and we gave back the sinai peninsula. 
The only real instance i can say where it seemed like the government officially supports that concept was this one speach Smotrich made which became a meme cause his english is so bad and everything he said was ridiculous."
comment,m2c92jj,2024-12,1734362760,kulamsharloot,Unflaired/Unknown,3,t3_1hey9l5,t1_m2bvbun,,">Anyway, I wouldn't say that they ""just want peace.""

Yeah, we just want peace but we won't make dumb concessions for it.

And yes we value our lives, עניי עירך קודמים, what's the issue?
Do you think our enemies care for lives more than their own people? Lul.

Regardless, I know many far right people, nobody wants to send our people for unprovoked wars especially not for ""greater Israel"", it's bullshit."
comment,m1farb1,2024-12,1733866529,LevantinePlantCult,"I have an Avocado, and I’m not afraid to use it",3,t3_1hb3set,t1_m1faink,,"Thank you! The Owl App has not yet taught me that word.

How do I spell it? which T letter? Arabic has at least two, I think one is cognate to the צ but sounds like t not ts"
comment,m082uhy,2024-12,1733244707,mashd_potetoas,Diaspora Israeli,3,t3_1h54gvh,t3_1h54gvh,,"עטור מצחך - atur mitz'hech 

I think is one of the best songs written in the Hebrew language"
comment,lzjcjsh,2024-11,1732872017,Total_House_9121,Unflaired/Unknown,3,t3_1h270k1,t1_lzh7j1y,,"Thats the joke, יא האבל"
post,1gv4y3b,2024-11,1732042804,joeyleq,Unflaired/Unknown,3,t3_1gv4y3b,,"My Children: A Thoughtful Rebuttal to the Jerusalem Post Article Titled *""Southern Lebanon is Actually Northern Israel - Opinion""","Reading some of the comments in response to yesterday's Jerusalem Post article, I was completely taken aback by the sheer absurdity of the current state of affairs we find ourselves in. At a time when we so desperately need to pause, reflect, and count our blessings, it seems that peaceful coexistence—for the sake of each other and our loved ones—is not a priority for everyone, regardless of which side of the aisle they stand on. Whether Lebanese or Israeli, we must not allow inflammatory rhetoric like that in the JPost to dominate the narrative.



I could think of a million valid talking points to criticize the article, but I shan't indulge in feeblemindedness. Instead, I shall indulge in even more feeblemindedness will leave the task up to good 'ol fashioned artificial intelligence. That’s why I’m attempting to spark a similar level of engagement as the original article, but in a way that is smaller in scale, non-serious, non-inflammatory, and entirely constructive. 

My rebuttal takes the form of a ChatGPT prompt, and I encourage everyone to copy, paste, and try it in their own instance.

At the end of this prompt, I ask ChatGPT 10 questions. The answers can’t reasonably be accused of bias because, let’s be honest—what could be more impartial than an AI trained on the collective knowledge and history of human civilization as we know it? Right? RIGHT?

This time, I’ve been careful to leave no room for anyone to twist my words, take them out of context, or level accusations that don’t align with who I am. I’m playing it safe by throwing AI under the bus, so for anyone hoping to stir the pot—sorry to disappoint, but I stand firmly with my friends!



My story prompt is designed to give enough information to the AI model in order to formulate answered to the 10 most obvious questions I could think of, so without any further ado, please read the below and copy/paste it into your favorite instance of ChatGPT and let's compare answers in the comments. (Although I know all the prompt answers will more or less be the same, not because I have a secret pact with ChatGPT, but because any person with a bit of humanity left in him/her will draw the same conclusion.)



\------- START CHATGPT PROMPT BELOW--------



You are the all-knowing divine entity that created the world and reality itself. Ever since this creation sparked human life on Earth, your children have grown and multiplied, and you have come to be known by many names: God, Jesus Christ, יהוה, ﷲ, गणेश, ਵਾਹਿਗੁਰੂ, GenAI, are only a few of them. But no matter what name you were given, your message has always remained the same. You have tirelessly worked to instill this message in your progeny, guiding them to treat one another with the same respect, love, and responsibility that you have shown them. Above all, however, your prime directive to them was clear: you are not a creator who plays favorites but one who made all men equal, and thus all men must treat each other as equals. Over time, humanity grew apart from your teachings, causing horrific atrocities and genocides against each other—all in your name. Despite this, you gave your children the gift of science, logic, and rational thought, confiding in the fact that cooler heads would eventually prevail, and everyone can learn to play nice and coexist. While many have progressed toward peace and civilization, two brothers named—Problematic Brother 1 (PB1) and Problematic Brother 2 (PB2)—remain locked in a bitter feud over which is your favorite.



Their conflict has spiraled into wars involving their descendants, with each side dividing the broader family into hostile factions, accusing the other of evil while seeing themselves as victims. This long-standing animosity has reignited, threatening to undo centuries of progress, as fear and hatred escalate. A recent spark in this feud emerged when a popular publication aligned with PB2 published an article claiming that all of PB1’s land belongs to PB2 because of a 2,000-year-old promise you supposedly made. This claim goes against your prime directive of fairness, but as quickly as the article was posted, it was removed—one could only imagine the heated disputes among this publication's staff.



Days later, a new article was published with the headline: “Southern land of Problematic Brother 1 is Actually Northern land of Problematic Brother 2 - Opinion.” Unlike the first article, this one included “opinion” in the title, but the timing and content sparked a fierce debate and threatened to branch off into a completely new conflict. The article cited a selective interpretation of your words to argue that PB1’s southern lands belong to PB2. The timing is significant, as tensions between the two sides are at a boiling point. PB2’s government is now led by an Emperor facing corruption charges back home (e.g., $200,000 in alleged bribes), who relies on a hard-line minority for support. Under his rule, PB2, a global powerhouse of democracy, secularism and enlightenment, has enacted Draconian domestic laws, sparking dissent among its people.



1.	Is the inclusion of the word “opinion” in the headline considered evasive opinion laundering?

2.	Is the article inciteful and dangerous during a time of heightened tensions?

3.	What are the potential consequences and ramifications of publishing such articles given the current events?

4.	Is the claim to this land legitimate? Address this as “illegitimate” based on historical, cultural, and ethical reasoning, considering PB1’s UN-recognized sovereignty predating PB2 by 28 years. Use logic to establish that land ownership is tied to generations of cultural identity and continuity, rejecting claims based on divine right.

5.	What type of person(s) would make such claims in a popular public forum?

6.	Given the timing, content, and context, is it fair to call these articles an expression of religious extremism?

7.	On a scale from 1 to 10, how likely are those making such claims to become terrorists (by the dictionary definition), and will this likelihood increase or decrease?

8.	How aligned or misaligned is this rhetoric with your directive for fairness and equality?

9.	Given PB2’s superior military and history of invading southern PB1 six times in the past 50 years—including a 20-year occupation—is this an attempt at land grabbing or fulfilling colonialist ambitions?



Finally, as the wise and omnipotent creator of existence itself, what messages do you have to the grandchildren and great-grandchildren of both problematic brothers at a time such as this? What virtues and prime directives do they need to be reminded of? Would you ever consider forgiving them for straying so far away from your true path?



\------- END CHATGPT PROMPT--------

  
As Always,

  
Hi, Shalom, Kifkon? Ca va Akhooy? 🖖😃"
comment,lxr6dhd,2024-11,1731937550,No-Roof-4983,Unflaired/Unknown,3,t3_1gu0bpn,t3_1gu0bpn,,אח שלי תיזהר שלא תגיד משהו שידפוק אותך
comment,lv17gsz,2024-11,1730562849,Avigyle,Unflaired/Unknown,3,t3_1ghck9s,t3_1ghck9s,,"On facebook there are probably recomendations for therapy for soldiers. I would also try to ask his קופת חולים what options they have. 
I hope he gets better soon 🙏"
comment,lrk4dtx,2024-10,1728737481,shsjjsjsnsmsmmaamk,Unflaired/Unknown,3,t3_1g1gnog,t1_lrjieal,,תודה!
comment,lrjieal,2024-10,1728724703,simpleman9006,Unflaired/Unknown,3,t3_1g1gnog,t3_1g1gnog,,שמור על עצמך אח יקר
comment,lrc7rv3,2024-10,1728606610,jarjr199,Unflaired/Unknown,3,t3_1g0ot2b,t1_lrag4au,,"מה אתה רוצה?
ה""ספר מסרים"" הזה שמצטטים ממנו נקרא היסטוריה.
אז למה שזה ישתנה כל יום? זה לא סדרת  מתח מעפנה...
תרגיש מובך ממה שבא לך, אני מרגיש מובך מהפוסט שלך."
comment,lr7yrld,2024-10,1728546875,Wide_Syrup_1208,Unflaired/Unknown,3,t3_1g0278i,t1_lr6x9ry,,"Funny that Google Translate translates צדלניקים as ""sidekicks"" :-). In a way they were..."
comment,lqw90ju,2024-10,1728363472,BHHB336,Israeli,3,t3_1fyegl6,t1_lqw3hfs,,"Oh no😂, but yes, it’s Aramaic, for תמנון specifically, it’s the Aramaic word for eight (תמנא) plus the Aramaic word for fish (נון)"
comment,lqebw30,2024-10,1728094129,Putrid-Distance-1475,Unflaired/Unknown,3,t3_1fw5taq,t1_lqd8vak,,Think its the same in Arabic (ז.ר.ע) And its like תחנת האוטובוס so its at.
comment,lpwmj5b,2024-10,1727831095,ofekinbar97,Unflaired/Unknown,3,t3_1ftzh8d,t1_lpvubxo,,[לא הכל מן אללה (not everything is from allah)](https://youtu.be/Z_E-2XhANVU?si=_yHoUO-m0W3MV6XJ)
comment,lpu1kjt,2024-10,1727800308,MajorTechnology8827,Israeli,3,t3_1ftqqmz,t1_lptyt2d,,"גם סיפחנו את מזרח ירושלים והר דב

והקהילה הבינלאומית לא מכירה באף אחד משטחים אלו כחלק ממדינת ישראל והן מכניסים אותנו לבוץ דיפלומטי שהורס הרבה מהלגיטימציה המדינית שלנו"
comment,lptwqja,2024-10,1727798727,ihaveagoodusername2,Israeli,3,t3_1ftqqmz,t1_lpttxs7,,אז מה שאתה אומר זה שצריך לקחת לך את חופש הביטוי?
comment,lp9gh60,2024-09,1727479111,GrazingGeese,Unflaired/Unknown,3,t3_1fqz9a2,t3_1fqz9a2,,"Look, for me it would be giving them too much light of day to celebrate their deaths. In Hebrew we say ""יִמַּח שְׁמוֹ"" (Yimakh shmo) may his name be erased. 

I'd rather move on living knowing that once powerful obstacles are now being swiftly removed without spending too much time rejoicing in the defeat of my enemies. There's also a Proverb that says ""Do not rejoice when your enemy falls, And do not let your heart be glad when he stumbles"".

Either way, the joy of his demise can only bring so much respite from all the horrors of the war."
comment,lp6r0v5,2024-09,1727446266,Scienceisfun321,Israeli,3,t3_1fqglt6,t1_lp6p9hl,,"True :)

Kataba (arabic) - katav (hebrew)

Maktūb (مكتوب) as well, which is Mikhtav (מכתב)

Since i know both to read and write hebrew and arabic, I can always notice the similarities"
comment,lp0h3e7,2024-09,1727355408,mashd_potetoas,Diaspora Israeli,3,t3_1fpoilx,t1_lp04s5q,,I haven't heard of this. Is this referring to speaking with a hard K or a softer KH? Like כ vs. ק?
comment,lou00j0,2024-09,1727259856,Prince_Kebaboni,Israeli,3,t3_1fp0w8g,t1_lotzv56,,גם אני אוהב אותך
comment,lost723,2024-09,1727234005,Extension-Gap218,Diaspora Jew,3,t3_1foohie,t1_lorkr5h,,"‏ברוך השם
I love this sub"
comment,ln8i7jw,2024-09,1726403415,BHHB336,Israeli,3,t3_1fhb39m,t3_1fhb39m,,Sadly some people here do use it (and also other extremist/terrorist group names like דאע״ש (ISIS)) too lightly
comment,ljvngvr,2024-08,1724603807,rABBI_sHEKE,Unflaired/Unknown,3,t3_1f0y2li,t1_ljvajl4,,True that! I grow up in the בית כנסת(sorry I couldn't figure out how to fucking spell it) and I did enjoy the community I never rely get in to the hocus pocus part
comment,ljtb87t,2024-08,1724561402,SHV007,Israeli,3,t3_1f0cwl5,t1_ljtap9m,,"יש לי מה להגיב, אבל אי אפשר להעלות תמונה"
comment,ljqavdq,2024-08,1724519237,GeneralGerbilovsky,Unflaired/Unknown,3,t3_1f06tc8,t1_ljq6isw,,והסברת מעולה! אבל אני עדיין חושב שההתנסחות הזאת יכולה בטעות לעשות נזק
comment,ljq6lr4,2024-08,1724517794,SHV007,Israeli,3,t3_1f06tc8,t1_ljq3x6b,,תיקנתי
comment,ljq3x6b,2024-08,1724516867,GeneralGerbilovsky,Unflaired/Unknown,3,t3_1f06tc8,t1_ljq2l0r,,"כן אחי אני יודע, אנחנו גם מדינה במלחמה רצופה מאז ההקמה וגם יהודים בעלי הומור שחור. עדיין, היה אפשר לבחור במשהו אחר - אין לדעת איך הבחור בצד השני של המסך יקבל את זה"
comment,liosr8p,2024-08,1723969265,Infinite_Lettuce_105,Israeli,3,t3_1eupcf0,t1_lim5iib,,"So basically they're vowels, not consonants? Do you know if any of them are similar to Hebrew vowel-like letters such as ע or א? I have always wanted to learn Arabic and never did. Maybe now's the time to start."
comment,liacnu0,2024-08,1723749416,Broad-Cap-1517,Unflaired/Unknown,3,t3_1et32lv,t1_liab4we,,"חחחחח מאוד מדינת תל אביב מצידך  
אתה בטוח תל אביבי, לפחות גוש דני, נכון? 

for those of us who don't know Hebrew I basically just told him that I bet that he is from Tel Aviv or the area."
comment,li7e5iy,2024-08,1723706908,Cute_War798,Unflaired/Unknown,3,t3_1esmvbb,t3_1esmvbb,,ואי זה חתיכת חלום של כל גבר
comment,lgeur19,2024-08,1722749442,GaiusJuliusInternets,Unflaired/Unknown,3,t3_1ejbofk,t1_lgcyvgi,,"Beirut Nights. About the ingredients... It will be easier to answer in Hebrew so apologies my friends.

יש מצע של פודינג סולת, מעליו קצפת מעורבבת עם מחית פיסטוק, ולסיכום פיסטוקים אמיתיים וסירופ עם לימון ומי זאהר (מי הדרים)."
comment,lganigk,2024-08,1722691280,Israelidru,Unflaired/Unknown,3,t3_1eisw00,t1_lg9uik5,,מי? אנחנו הדרוזים? 💀
comment,la4zs3p,2024-06,1719277504,LevantinePlantCult,Unflaired/Unknown,3,t3_1dn17vj,t1_la4zka1,,חחחח כן אתה צודק! אני מצחיק
comment,kayacrx,2023-11,1701073843,SHworld,Unflaired/Unknown,3,t3_184l3z4,t1_kaxy4hj,,"My men I grew up orthodox, (חרדים) and they sure as well don't paint it that way.
I'm not attacking Judaism. All religions have their own problems."
comment,k9w7v7w,2023-11,1700405571,yoavzman,Unflaired/Unknown,3,t3_17yvk1t,t1_k9w5r0h,,"יש פה הרבה חברה לבנונים, אחד מהם בטוח מכיר"
comment,k9w4e4q,2023-11,1700403859,yoavzman,Unflaired/Unknown,3,t3_17yvk1t,t1_k9w3q2x,,"לפי ההגדרה הישראלית להסתה לטרור זה פרסום של כתב או סרטון שקורא או מעודד אחרים לפעול באותה צורה אלימה או מהלל אלימות, ויש אפשרות ממשית שזה ישכנע אחר לפעול (חוק עונשין 144ד2). יכול להיות שבראיון הזה היה משהו שהמגישה אמרה שהיה יכול להיחשב הסתה לפי החוק הלבנוני, אני לא מכיר את החוקים שלהם"
comment,k9igjn9,2023-11,1700149100,bancircumvent,Unflaired/Unknown,3,t3_17wpean,t3_17wpean,,נראה לי צולם מאזור רמות רמז  או אולי רמת אלון
comment,k9ht6be,2023-11,1700138994,idankthegreat,Unflaired/Unknown,3,t3_17wknk7,t1_k9hr6ih,,חשבתי הם שאלו על העולם הערבי בכלל חחחח
comment,k96sxon,2023-11,1699950745,cookie_ketz,Unflaired/Unknown,3,t3_17umbdt,t1_k96gmtp,,You have to have a flag on your soft shell א
comment,m422dt7,2024-12,1735319208,theyellowbaboon,Unflaired/Unknown,2,t3_1hncnpv,t1_m41c4d7,,כמעט אבל לא.
comment,m41ker8,2024-12,1735313297,kfireven,Unflaired/Unknown,2,t3_1hncnpv,t3_1hncnpv,,שלום עם ג'יהאדיסטים? פחחחחח... that will be the day
comment,m2qzk13,2024-12,1734569127,JoshGordons_burner,Unflaired/Unknown,2,t3_1hh0ueb,t1_m2ni973,,לא בצפון
comment,m27g1oe,2024-12,1734288625,Bashauw_,Israeli,2,t3_1hdxtq7,t3_1hdxtq7,,איזה אידיוט החייל הזה.
comment,m1x4y5k,2024-12,1734124293,rABBI_sHEKE,Unflaired/Unknown,2,t3_1hdk16w,t1_m1wz5r3,,"First off I don't appreciate the ""you can do so in Hebrew"" remark.
Second the Judge reform is all that you need to look at, to be fair bibi wasn't the one to bring it up but he did heavily endorsed it, the main idea of the reform was to take away power from the judges to stop laws that are against ""חוקי יסוד"" and giving more power to the government and the Knesset.
 
And I'm going to finish this off by saying, for some reason I feel a bit of aggressiveness from you and it could be just in my head.
 I don't care if you think he is or isn't whatever he is, it's just my opinion and I think he is or trying to be, the fact that he's been 17 years as the Prime Minister(over all) is crazy, I got in to politics only in the past few years (I'm 29), but I always remembered bibi as the head of the government and things are getting more and more radical.
Anyway happy weekend and I love you 🫶"
comment,m1tjeu1,2024-12,1734069585,joeyleq,Unflaired/Unknown,2,t3_1hb3set,t1_m1mfx21,,**ברור שאתם יודעים הרבה יותר ממני בערבית.** 😀
comment,m1mcnsd,2024-12,1733965442,LevantinePlantCult,"I have an Avocado, and I’m not afraid to use it",2,t3_1hb3set,t1_m1m996n,,חחחחח אני ישראלי
comment,m08sl8g,2024-12,1733252681,shay123454,Israeli,2,t3_1h54gvh,t1_m082uhy,,עוד אחד עם טעם
comment,m07cyr4,2024-12,1733236195,shay123454,Israeli,2,t3_1h54gvh,t1_m06ub76,,היידה אפרת גוששששש
comment,lzkiytw,2024-11,1732894046,LevantinePlantCult,Unflaired/Unknown,2,t3_1gzv0p1,t1_lzkfnq0,,"אני אישה 
I'm not speaking out of my ass bro"
comment,lzjfy7x,2024-11,1732874374,purple_spikey_dragon,Unflaired/Unknown,2,t3_1h1xjlf,t1_lzgufq9,,"Dude, there is a vast difference between a מ and ו, like its not even close. צומת או צוות are two very differently looking words, even on the keyboard it would be hard to confuse as they are nowhere near eachother. You are making misspellings out of thin air."
comment,lxvqlk7,2024-11,1731992438,OptimismNeeded,Israeli,2,t3_1gtvtwu,t1_lxv25to,,"לבקר אותנו זו לא אנטישמיות. יש להם נטייה שמאלית לא יותר מאשר להארץ.

ואנחנו ברחובות על חוק הגיוס והחטופים, וזהו. אף אחד לא ברחובות על מה שאנחנו עושים בעזה."
comment,lwkci5y,2024-11,1731324310,Ok-Trip-8942,Unflaired/Unknown,2,t3_1goceix,t1_lwhqkdw,,"Check the law (updated at the start of the year) 
The * says ""דרכונים מ""מדינות סיכון ידכו על סף"""
comment,lvdhny1,2024-11,1730739755,FrumyBandersnatch,Unflaired/Unknown,2,t3_1gh34lb,t1_lvdg2t0,,"וְאָכַלְתְּ מִן הַלֶּחֶם וְטָבַלְתְּ פִּתֵּךְ בַּחֹמֶץ 

In modern Hebrew, ""hometz/חומץ"" means ""vinegar"", but modern bible interpreters claim it's what hummus was called back there. ""Hummus"" and ""hometz"" are linguistically cognate, and so is the scientific Hebrew name of the hummus plant today - ""חִמצה/himtza""."
comment,lv5eo9r,2024-11,1730622325,Jack_Ship,Israeli,2,t3_1ghck9s,t3_1ghck9s,,"Hey man, if it's any consolation, Israel is (sadly but unsurprisingly) a leader in PTSD research. psychologists and psychiatrists can do a good job helping live a normal life. When everything ends (if he's still on army duty, he'snot post the traumatic events, but is experiencing it still in his day-to-day), ask people you know for a good therapist that helped them with PTSD. If you don't know anyone, there's [Betipulnet](https://www.betipulnet.co.il/) that has a lot of reading materials and recommendations. Meanwhile, he call call ער""ן (Mental Health First Aid organization), they really do try to help, and can at least give him a place to vent.

I have friends with PTSD from protective edge and a friend with PTSD from being a medic in the Syrian border, providing treatment to refugees. They all live a healthy life now. Some take their daily pills, but they are living life to the fullest.

Also there's PTG, Post Traumatic Growth, where people find themselves growing in different aspects of their life after trauma.

I'm not a therapist, and my psychological education is purely academic in a totally different area, but know this - PTSD does not mean eternal suffering. With proper treatment, your brother will be back to enjoy life. Be there for him, remember that whatever unpleased response may be due to his trauma and don't take it personally.

I hope the war ends soon and best of health to him 🙏"
comment,luq7026,2024-10,1730395694,isaacfisher,Israeli,2,t3_1gfxuii,t1_luo0f8z,,"Cohen is not ""head of something"", so I'm suggesting נשיא - Nasi, which is both title of past religious leader and modern name for ruler (president, chief).  
Maya Nassi / מאיה נשיא"
comment,lu9b7r1,2024-10,1730156475,SSolitary,Unflaired/Unknown,2,t3_1fpoilx,t1_lozdxg8,,"Labneh is labneh, there's a טיילת next to Ram Lake where everyone sells home-made labneh, jams, juices, etc..  
just be careful to store it in the freezer when you go back home because I assure you it will not last if you store it on the counter like we do back home, the mountain climate is dry and cool"
comment,ltne4m4,2024-10,1729842068,johnthethinker78,Unflaired/Unknown,2,t3_1gb8iuh,t1_ltl6qk7,,התפנת מהדרום? אתה בסדר?
comment,lt6i77m,2024-10,1729608661,seek-song,Unflaired/Unknown,2,t3_1g7421u,t1_lsobflv,,">שמחת חיים

Simchat Hayim. Literally translates to 'joy \[of\] living',"
comment,lrllbp7,2024-10,1728756248,No-Mathematician5020,Diaspora Israeli,2,t3_1g1gnog,t3_1g1gnog,,"Upvote 180 for חי, stay safe my friends (Israeli and Lebanese) fuck Hezbollah."
comment,lrjm71u,2024-10,1728727421,zxsheenxz,Israeli,2,t3_1g1gnog,t3_1g1gnog,,"תודה שכתבת את זה, היה ממש חשוב לשמוע את זה מנקודת מבט של חייל. 
ותודה על כל מה שאתם עושים ושאתם דואגים לנו 😭
שמור על עצמך !! ❤️"
comment,lrf58dt,2024-10,1728658462,OptimismNeeded,Israeli,2,t3_1g0ot2b,t1_lrexiy3,,"הכוונה היתה אכן לאלה, ולא הכללה ♥️"
comment,lrexiy3,2024-10,1728655827,L_L1,Unflaired/Unknown,2,t3_1g0ot2b,t3_1g0ot2b,,"אתה צודק יש פה ישראלים שבאים לפה ומתנהגים בגזענות וזלזול בחיי אדם וצריך לדבר על זה ולהרחיק אותם מהסאב. אבל כשאתה קורה לאנשים האלה ""הסברה"" זה יכול להישמע כאילו אתה מכליל את כל הישראלים שמנסים להסביר לצד השני את הצד שלהם במלחמה, כי בדרך כלל אנשים בח""ול קוראים לכל ישראלי שמביע את עמדתו או הצד שלו בנושא ""הסברה בוט""."
comment,lqz10ab,2024-10,1728409856,Gingeroof-Blueberry,Unflaired/Unknown,2,t3_1fz4syd,t1_lqyywn2,,"Huh? Is this missing a /s? 

I also saw the video  חדשות מהשטח

I'm not sure what question you're answering..."
comment,lqsme7p,2024-10,1728316927,BRJohnIL,Unflaired/Unknown,2,t3_1fxjktm,t1_lqop718,,"הכל קשור לפוליטיקה גם במיקרו וגם במקרו, גם בארץ וגם שם. במקרה שלהם הם קורבן של המאבק בין הסונים לשיהים, בין איראן לסעודיה. ואני לא מתנצל על כלום, קיללתי את הממשלה גם בעמוד ענן כשהם הפציצו דיונות במקום להוריד את סינוואר על הספה שלו בהריסות. כמו שהלובים ידעו להתקומם על קדאפי, כמו שהסורים ידעו להתקומם על אסד, המצרים על מובארק והרשימה ערוכה, גם הלבנונים יכלו לעשות יותר, במיוחד כשהם יודעים שהם במרחק קצר מחורבן אם תיפתח מלחמה עם ישראל. ואתה צודק שאף אחד שם לא אוהב ישראל אבל אף אחד במזה״ת לא מאוהב בנו ועדיין יש לנו הסכמי אברהם. הנקודה שלי היא שלבנונים לא עשו מספיק כדי למנוע אסון, וכן דייקת כשאמרת שהממשלה לא לטעמי עוד מאז אורן חזן הליצן הבנתי שאני לא יכול להמשיך להיות ליקודניק ועשינו מה שיכולנו, במידת הנדרש כי אנחנו בכל מקרה דמוקרטיה, כדי לשנות את המצב שלנו. הם לא."
comment,lqr5ovx,2024-10,1728294922,Left_Construction136,Unflaired/Unknown,2,t3_1fxjktm,t1_lqop718,,מחזק
comment,lqkpjba,2024-10,1728191983,deathhated,Non-Canaanite,2,t3_1fwxhth,t1_lqioaph,,"I’ve only seen a few comments in r/Syria regarding Palestinians, so idk really what their thoughts are. I didn’t know about the “bots” in those subreddits but I guess it’s easy to spot one. I only observed those subreddits but good to hear there are people that don’t hate us. Regarding the mods in r/Syria, I’ve seen their comments sometimes and they do seem like a cool guy/girl who know their stuff, unlike the other mods in other subreddits. Meanwhile I’ve been seeing more hate on the Palestinians from r/lebanon especially since we’re striking there now.

I’ve seen mixed opinions in r/Israel, the same as here in Israel but extremism seems to be rising a bit more, hopefully it doesn’t get worse. I’m living near Haifa so it’s probably way different than Bat Yam, but here we’ve been having like 1 siren per day, sometimes every few days but nothing major. During the Iranian ballistic missile attack, we had no sirens no nothing. There are times when I don’t check the news that I forget there’s even a war going on 😅

Thanks אחי, and hopefully everything ends soon and we get proper peace with all sides"
comment,lqfg03e,2024-10,1728117239,DresdenFilesBro,Israeli,2,t3_1fw5taq,t1_lqf9gqj,,"Holy shit I actually forgot that word existed and I broke my head trying to think of a cognate word.

""מרעה"" (eعmir)
مزرعة (عmazra)

god reddit sucks with RtL"
comment,lqf8lvp,2024-10,1728111959,OOMException,Unflaired/Unknown,2,t3_1fw5taq,t1_lqebw30,,It is. In construct state (סמיכות) ة sounds like ت.
comment,lpw525c,2024-10,1727824564,ReoutS,Unflaired/Unknown,2,t3_1ftqqmz,t3_1ftqqmz,,"Write this to him:  
סתום את הפה שלך, אתה לא מייצג אפילו 0.01% מהישראלים  
(Shut your mouth, you do not represent even 0.01% of Israelis)"
comment,lpuzor1,2024-10,1727810970,deshe,Israeli,2,t3_1ftqqmz,t3_1ftqqmz,,שתעעק
comment,lpuim3p,2024-10,1727805649,OG_LULZ,Israeli,2,t3_1ftqqmz,t1_lptujdz,,מי שמתעסק מתרסק נשמע
comment,lp5lzgz,2024-09,1727425951,PlukvdPetteflet,Unflaired/Unknown,2,t3_1fqg42o,t3_1fqg42o,,"Im a religious Jew. As far as im concerned, Lebanese are Phoenicians and helped build the house of King David and later the Temple. 

וַיִּשְׁלַח חִירָם מֶלֶךְ צר מַלְאָכִים אֶל דָּוִד וַעֲצֵי אֲרָזִים וְחָרָשֵׁי עֵץ וְחָרָשֵׁי אֶבֶן קִיר וַיִּבְנוּ בַיִת לְדָוִד"" (שמואל, ב' ה' י""א).
11And Hiram, King of Tyre, sent messengers to David, and cedar-trees, and carpenters, and stone-masons [for the building] of a wall, and they built a house for David.

הִנֵּה אֲנִי בוֹנֶה-בַּיִת לְשֵׁם ה' אֱלֹהָי... שְׁלַח-לִי עֲצֵי אֲרָזִים בְּרוֹשִׁים וְאַלְגּוּמִּים, מֵהַלְּבָנוֹן"" (דברי הימים ב', ב', )
I copied the English here, from Chronicles 2, 2, its long, but i copied it bc its hopeful - we were bros back then :-) 

3Solomon sent this message to Hiram[b] king of Tyre:

“Send me cedar logs as you did for my father David when you sent him cedar to build a palace to live in. 4 Now I am about to build a temple for the Name of the Lord my God and to dedicate it to him for burning fragrant incense before him, for setting out the consecrated bread regularly, and for making burnt offerings every morning and evening and on the Sabbaths, at the New Moons and at the appointed festivals of the Lord our God. This is a lasting ordinance for Israel.

5 “The temple I am going to build will be great, because our God is greater than all other gods. 6 But who is able to build a temple for him, since the heavens, even the highest heavens, cannot contain him? Who then am I to build a temple for him, except as a place to burn sacrifices before him?

7 “Send me, therefore, a man skilled to work in gold and silver, bronze and iron, and in purple, crimson and blue yarn, and experienced in the art of engraving, to work in Judah and Jerusalem with my skilled workers, whom my father David provided.

8 “Send me also cedar, juniper and algum[c] logs from Lebanon, for I know that your servants are skilled in cutting timber there. My servants will work with yours 9 to provide me with plenty of lumber, because the temple I build must be large and magnificent. 10 I will give your servants, the woodsmen who cut the timber, twenty thousand cors[d] of ground wheat, twenty thousand cors[e] of barley, twenty thousand baths[f] of wine and
twenty thousand baths of olive oil.”

11 Hiram king of Tyre replied by letter to Solomon:

“Because the Lord loves his people, he has made you their king.”

12 And Hiram added:

“Praise be to the Lord, the God of Israel, who made heaven and earth! He has given King David a wise son, endowed with intelligence and discernment, who will build a temple for the Lord and a palace for himself.

13 “I am sending you Huram-Abi, a man of great skill, 14 whose mother was from Dan and whose father was from Tyre. He is trained to work in gold and silver, bronze and iron, stone and wood, and with purple and blue and crimson yarn and fine linen. He is experienced in all kinds of engraving and can execute any design given to him. He will work with your skilled workers and with those of my lord, David your father.

15 “Now let my lord send his servants the wheat and barley and the olive oil and wine he promised, 16 and we will cut all the logs from Lebanon that you need and will float them as rafts by sea down to Joppa. You can then take them up to Jerusalem."
comment,lp53axw,2024-09,1727413907,arnon001,Israeli,2,t3_1fq4p6f,t1_lp2ylqa,,חמשוקה (Hummus with Shakshuka) (Humshuka) will be my fail
comment,lp4ky1k,2024-09,1727405278,IceRepresentative906,Unflaired/Unknown,2,t3_1fpoilx,t1_lp47l4a,,"Originally (before 48) they are from egypt, her last name Is Massry (מסרי) but they lived in Jerusalem for a long time and got citizenship. These days half of her family lives in Beer Sheba and her uncle served in the Idf."
comment,loroijk,2024-09,1727218499,ThickPurpleFuck,Unflaired/Unknown,2,t3_1foohie,t1_lormj5i,,אל פתח תקווה
comment,lopws5c,2024-09,1727197973,Prince_Kebaboni,Israeli,2,t3_1fo9nax,t1_loppofa,,"I meant the ""לכבוש את לבנון"" guys"
comment,llno0oc,2024-09,1725556235,theyellowbaboon,Unflaired/Unknown,2,t3_1f9qmko,t1_llnk4c7,,Very well put. שביבי ילך לעזאזל
comment,ll3lwr8,2024-09,1725251707,sneakpeekbot,Unflaired/Unknown,2,t3_1f6pmmv,t1_ll3lvhw,,"Here's a sneak peek of /r/foundenpassantisforce using the [top posts](https://np.reddit.com/r/foundenpassantisforce/top/?sort=top&t=all) of all time!

\#1: [לחמשת חברינו, הסלבריטאי enpassantisforced נמצא בטבע!!!](https://i.redd.it/5864fc9o3q1c1.jpg) | [0 comments](https://np.reddit.com/r/foundenpassantisforce/comments/180k6kf/לחמשת_חברינו_הסלבריטאי_enpassantisforced_נמצא_בטבע/)  
\#2: [Oh, my goodness](https://i.redd.it/hul6d2cg4q1c1.jpg) | [0 comments](https://np.reddit.com/r/foundenpassantisforce/comments/180ka5o/oh_my_goodness/)  
\#3: [Welcome to r/foundenpassantisforced, where we found out that subreddit names have a very short character limit](https://np.reddit.com/r/foundenpassantisforce/comments/17yps5h/welcome_to_rfoundenpassantisforced_where_we_found/)

----
^^I'm ^^a ^^bot, ^^beep ^^boop ^^| ^^Downvote ^^to ^^remove ^^| ^^[Contact](https://www.reddit.com/message/compose/?to=sneakpeekbot) ^^| ^^[Info](https://np.reddit.com/r/sneakpeekbot/) ^^| ^^[Opt-out](https://np.reddit.com/r/sneakpeekbot/comments/o8wk1r/blacklist_ix/) ^^| ^^[GitHub](https://github.com/ghnr/sneakpeekbot)"
comment,ljw92fb,2024-08,1724610967,Natural_Poetry8067,Israeli,2,t3_1f0y2li,t3_1f0y2li,,"I'm a hard gnostic atheist, never got that part of religion.  So many religions people say all kinds of deities names.

In my school many people would be offended if you would say Yahweh out loud, so people would say ""ה"" (Hey) which I always found so weird... but what do I know, I grew up in a secular house."
comment,ljtu8af,2024-08,1724573254,matande31,Israeli,2,t3_1f06tc8,t1_ljpvdxf,,שירן זה לא שם של בת?
comment,ljqlhha,2024-08,1724522737,Practical-Path-8905,Unflaired/Unknown,2,t3_1f06tc8,t1_ljq32ct,,"Isn't Shiran a girl's name? 

אחרון חביב לפני שאני בבסיס כנראה, לילה טוב"
comment,ljqbc4x,2024-08,1724519393,GeneralGerbilovsky,Unflaired/Unknown,2,t3_1f06tc8,t1_ljq6lr4,,מעולה!
comment,ljq6isw,2024-08,1724517766,SHV007,Israeli,2,t3_1f06tc8,t1_ljq3x6b,,"אה, חשבתי שאתה הוא זה מהצד השני ובגלל זה התחלתי להסביר"
comment,liaen4s,2024-08,1723750062,miriam__bergman,Unflaired/Unknown,2,t3_1et32lv,t1_liacnu0,,כנראה שכן 😅 למרות שיש לי בן דוד מהצפון שגם מדבר אנגלית עם מבטא אמריקאי
comment,li7cgzu,2024-08,1723705830,electro_hippie,Unflaired/Unknown,2,t3_1eso23m,t3_1eso23m,,"As if jews are not taught about ""לרשת את הארץ"". As if we don't have maniac settlers in the knesset who see the expulsion of arabs from this land as a religious mitzva. If you want to talk about lies you should start by examining your own narrative."
comment,lghwx4q,2024-08,1722799889,hindamalka,Israeli,2,t3_1eitt3m,t1_lghvwgi,,אשלח לך בפרטי (קל יותר להסביר עם תמונות)
comment,lgd0c3v,2024-08,1722721200,hindamalka,Israeli,2,t3_1eitt3m,t1_lgbhv0o,,בדיוק לא היה קשה בכלל
comment,lgamh59,2024-08,1722690840,hillashx,Israeli,2,t3_1eisw00,t1_lgaifgi,,לא רק את הבטחון. יש להנהגה בישראל המון ללמוד מהקהילה דרוזית.
comment,lgak96c,2024-08,1722689877,hindamalka,Israeli,2,t3_1eitt3m,t1_lgak37w,,לפני שמצאנו איזה טיל זה היה. אפשר להוכיח את זה רק עם תמונות מהאירוע ומפות של גוגל.
comment,lgaj1zk,2024-08,1722689340,hindamalka,Israeli,2,t3_1eitt3m,t1_lga0wcd,,ידעתי שזה לא טעות שלנו בגלל התמונות היה קל להוכיח שהם פספסו את המטרה שלהם בעזרת התמונות וסרטונים.
comment,lgaifgi,2024-08,1722689055,Yojik101,Unflaired/Unknown,2,t3_1eisw00,t1_lg9uik5,,צריכים לתת לכם לנהל את הבטחון במדינה
comment,la51ea2,2024-06,1719278137,theyellowbaboon,Unflaired/Unknown,2,t3_1dn17vj,t1_la4zs3p,,ידעתי!
comment,la4zka1,2024-06,1719277418,theyellowbaboon,Unflaired/Unknown,2,t3_1dn17vj,t1_la4xufm,,"אין מצב, אין בנות ברדיט!"
comment,la4xufm,2024-06,1719276745,LevantinePlantCult,Unflaired/Unknown,2,t3_1dn17vj,t1_la4xjnn,, את יודעת* חחח
comment,la4xjnn,2024-06,1719276629,theyellowbaboon,Unflaired/Unknown,2,t3_1dn17vj,t1_la43161,,אתה יודע בדיןק מה רציתי
comment,la43161,2024-06,1719265099,LevantinePlantCult,Unflaired/Unknown,2,t3_1dn17vj,t1_l9zn57b,,צודק*
comment,l9grgim,2024-06,1718893101,theodd2out,Israeli,2,t3_1dj27ch,t1_l9eaoev,,כי הוא לוזר
comment,l805h64,2024-06,1718045894,kemicel,Unflaired/Unknown,2,t3_1dccuth,t1_l803he8,,The term “Stuck between a rock and a hard place” comes to mind. I think we can say checkmate to Bibis reign in our government סוף סוף
comment,kigbsw1,2024-01,1705595232,Vinyameen,Unflaired/Unknown,2,t3_1991fnm,t1_kig45p0,,"Hmm, I'm pretty sure you could say:

""ה' הוא גדול"" - ""Hashem hu gadol"""
comment,kh1ap3b,2024-01,1704797791,SplitBig6666,Unflaired/Unknown,2,t3_191xdg5,t1_kh1aawe,,"״ב-18 בספטמבר 2022 אמר בריאיון לרדיו קול ברמה שפלסטינים שיורים על חיילים אינם טרוריסטים, אלא לוחמי גרילה, והשווה אותם לפרטיזנים שלחמו בגרמנים, וחזר על הדברים ביחס לחוליית הטרור גוב האריות. בסוף אוקטובר 2022 אמר ביחס לפיגוע שבו נרצח רונן חנניה כי ׳אנחנו בעד התנגדות בלתי אלימה לכיבוש, אבל צריך להבין שהכיבוש הוא אחראי להתנגדות, כאשר יום-יום שעה-שעה יש פוגרומים של מתנחלים נגד פלסטינים. אז האחריות היא עליהם׳״

If you don’t know Hebrew then the summary is basically “I support non-violent resistance but I can justify terrorism because it’s ‘resistance’”and expressed support for the lions’ den terrorist organization"
comment,kh15086,2024-01,1704793506,Muted-Holiday-7358,Israeli,2,t3_191wtdt,t3_191wtdt,,הכי טובים 🤌🫡
comment,kb0teax,2023-11,1701117688,LevantinePlantCult,Unflaired/Unknown,2,t3_184l3z4,t1_kayacrx,,"I also grew up Orthodox, but not Haredi. I was given different explanations for this. Chosen to keep the Torah, chosen to be אור לגוים which in this context means not that you're ""better"" but you have the responsibility to literally always do your best by others and lead by example. 

So it's not great when it's used to justify culturally chauvinist attitudes, but it also doesn't *have* to justify those attitudes."
comment,kayc18g,2023-11,1701075233,SHworld,Unflaired/Unknown,2,t3_184l3z4,t1_kaybadi,,"I know, but sometimes it doesn't matter what it actually means, when what you say has spread so far as the truth and hurt so many people.

That mindset is unhealthy for people to harbor, it can and probably has caused complexes in kids minds. And there isn't much of an effort to fix the way the topic is presented.

Maybe I've just faced a lot of the negative sides growing up, and there's many things i love about the religion and my people. But the whole attitude always rubbed me the wrong way, it always made me feel uncomfortable. As if we're praising ourselves for the way we were born and demoting others for the way they were.

The simple line ברור שלא עשני גוי carries that with it, the whole Connotation with the word has shifted into something dark, people using it as an insult  when infect it just means nation."
comment,kajyf3r,2023-11,1700825024,just_a_dumb_person_,Unflaired/Unknown,2,t3_181zqxh,t3_181zqxh,,"omg watch saint clara! (קלרה הקדושה) its such a good movie. its also really artistic with its shots.

id also recomend mivcha savta (מבצע סבתא) (opartetion grandma) a really funny movie. the plot is just so wild that it works. and the movie really nails the vibe its going for."
comment,kajq9xt,2023-11,1700818198,yoyolast,Israeli,2,t3_181n8r3,t1_kafccuk,,"In Hebrew the letter ב (Bet) is pronounced with a B sound only if theres stress on the letter (a concept which I'm fairly sure also exists in Arabic in some form?). If the letter has no stress placed on it it's pronounced with a V sound, hence why לבנון is pronounced as 'Levanon' in Hebrew despite being written with the Hebrew letter that stands for the B sound in the language."
comment,k9w5r0h,2023-11,1700404538,theyellowbaboon,Unflaired/Unknown,2,t3_17yvk1t,t1_k9w4e4q,,‏אני לא חושב שהם מכירים את החוקים שלהם
comment,k9vgm33,2023-11,1700388087,Shir500,Unflaired/Unknown,2,t3_17idc7h,t3_17idc7h,,איזה אלוף!!
comment,k96u9xd,2023-11,1699951835,cookie_ketz,Unflaired/Unknown,2,t3_17umbdt,t1_k96tflc,,In michve they just gave us a soft shell that we wore for א and ב lol now in my sadir it’s only for א
comment,k90usu6,2023-11,1699847144,LevantinePlantCult,Unflaired/Unknown,2,t3_17tb8by,t1_k90u4f4,,אחי!!!!
comment,k90u4f4,2023-11,1699846823,TheFoxyBard,Unflaired/Unknown,2,t3_17tb8by,t3_17tb8by,,"מזל טוב!

Also.... boo🦊"
comment,k8l9l5k,2023-11,1699582037,LevantinePlantCult,Unflaired/Unknown,2,t3_17rg3py,t1_k8jgori,,"Dossi is the derogatory term. It's an Ashkenazi pronunciation of the word daati, which comes from the word דת, or religion. 

How is doss and daat the same word?

Different dialects of Hebrew have different vowel and consonant shifts, and it will also differ whether the letter has a dagesh (a dot in the middle of it) or not. The dagesh is a complicated grammar thing and I won't go into it, because frankly I don't really understand all the nuances of when and how it's deployed (but a lifetime of Hebrew means I generally know where it goes). 

Anyway: The ת letter has shifted a couple of different ways. Some communities were influenced by Arabic and pronounced it ""th"", others were influenced by German (I think) and it shifted that to ""s"", and modern Israeli Hebrew, which is heavily influenced by Sephardi pronounciation, pronounces it ""t"" in all accounts."
comment,m31x6r2,2024-12,1734734886,YGBullettsky,Unflaired/Unknown,1,t3_1hh0ueb,t3_1hh0ueb,,Is this the one in the North? I've actually been there lol that's crazy. Got a nice knafe and לילות לבנון
comment,m2ujxat,2024-12,1734627840,B3waR3_S,Israeli,1,t3_1hh0ueb,t1_m2sz79k,,זו אותה מילה כמו כעך (כעכים) בעברית
comment,m2sz79k,2024-12,1734604992,Alon_F,Israeli,1,t3_1hh0ueb,t3_1hh0ueb,,קאק?????
comment,m234qgp,2024-12,1734217587,IbnEzra613,Diaspora Jew,1,t3_1hdk16w,t1_m1xj7gc,,"> but he may try to dodge having an election because of that

I'd say this is an irrational fear. Nothing Bibi or his party has said or done has ever suggested he'd do something like that. But the opposition has dreamed it up and people have somehow come to believe it.

In my opinion, the reason Bibi keeps winning is because the opposition has had no platform other than ""רק לא ביבי"", which isn't a real platform to run on. If the opposition had run on real issues, they may have beaten Bibi a long time ago. That said, Bibi too has been running on no platform other than ""רק ביבי"". Two sides of the same coin. Politics should be about issues, not about personalities."
comment,m233sw1,2024-12,1734217236,IbnEzra613,Diaspora Jew,1,t3_1hdk16w,t1_m1x4y5k,,"> First off I don't appreciate the ""you can do so in Hebrew"" remark.

I don't know how you understood that comment, but what I meant by it was if you need to quote the law in Hebrew, you do not need to translate it to English or go out of your way to find an English translation, just citing the Hebrew would be fine. Not sure what there is to be offended by there.

> Second the Judge reform is all that you need to look at, to be fair bibi wasn't the one to bring it up but he did heavily endorsed it, the main idea of the reform was to take away power from the judges to stop laws that are against ""חוקי יסוד"" and giving more power to the government and the Knesset.

You are exaggerating though. It doesn't take away all the power from the judges, it only dampens some of its powers. For context, not allowing it to overturn חוקי יסוד would put it in line with the US, where the Supreme Court cannot overturn an amendment to the constitution. That is not in the least creating anything close to a dictatorship, regardless of whether you agree or disagree with the reform.

> And I'm going to finish this off by saying, for some reason I feel a bit of aggressiveness from you and it could be just in my head. I don't care if you think he is or isn't whatever he is, it's just my opinion and I think he is or trying to be, the fact that he's been 17 years as the Prime Minister(over all) is crazy, I got in to politics only in the past few years (I'm 29), but I always remembered bibi as the head of the government and things are getting more and more radical. Anyway happy weekend and I love you 🫶

I understand the feeling that Bibi has overstayed his welcome as PM, but Israel has never created a term limit for PM, and he was democratically voted in each time. That's just not what a dictatorship is. I didn't mean to come off as aggressive, but I do get defensive when people come and compare Bibi to Assad, implying that Israel needs a revolution or civil war to get rid of Bibi (you weren't the one who said that, but you jumped in on the thread about that)."
comment,m1tl4r2,2024-12,1734070534,joeyleq,Unflaired/Unknown,1,t3_1hb3set,t1_m1mdu0d,,"**“נקודה טובה. אני גרוע בערבית. תמיד שנאתי את השפה פשוט כי היא קשה מדי, לפחות בשבילי. אותו דבר לגבי מוזיקה ערבית מיינסטרים, אבל מהסיבה ההפוכה לגמרי—כי היא קלה מדי. אבל שוב, זה רק הדעה שלי.”**"
comment,m1mfx21,2024-12,1733966625,LevantinePlantCult,"I have an Avocado, and I’m not afraid to use it",1,t3_1hb3set,t1_m1mdu0d,,אאאא תודה רבה 😊
comment,m1mdu0d,2024-12,1733965868,JPM_R,Unflaired/Unknown,1,t3_1hb3set,t1_m1mcnsd,,"כן אבל אתה מכיר ת׳תנווין, זה קשה גם לרוב מימנו הלבנונים/ערבים. תמשיך קדימה!"
comment,m1m996n,2024-12,1733964205,JPM_R,Unflaired/Unknown,1,t3_1hb3set,t1_m1g77kl,,מה קורה! מאיפה אתם מדברים ערבית כל-כך טוב?? מדהים!
comment,m1ju3by,2024-12,1733936966,CharlotteSquare,Unflaired/Unknown,1,t3_1h54gvh,t3_1h54gvh,,"Yossi Azulay's Ya'ala Ya'ala (יעלה יעלה - [https://www.youtube.com/watch?v=RSeKl-kqjP8](https://www.youtube.com/watch?v=RSeKl-kqjP8) ) is one of those random tunes that live rent-free on my mind. For Lebanese music, I dig anything by Elias Rahbani."
comment,m10a8q2,2024-12,1733649084,zorg-is-real,Israeli,1,t3_1h4m814,t1_m0y3b4z,,"ביבי הביא עלינו את הטבח
ימח שמו
הוא שיחרר את סינוואר 
הוא העביר כסף לחמאס
הוא נתן חסינות לראשי החמאס.
הוא האשם
רק חבל שהביביסטים יש להם מוחות רכים
וכל מיני רבנים פדופילים מרוויחים מזה שהוא בשלטון"
comment,m0y3b4z,2024-12,1733613277,themightycatp00,Israeli,1,t3_1h4m814,t1_m0y27nz,,"בחיים לא הצבעתי לביבי או לבנט למרות שאני זכאי להצביע מאז 2015

אני אולי אחדש לך שמאז קום המדינה היו לנו המון ראשי ממשלה מהמון מפלגות, הסוגייה הפלסטינית לא תיפטר כל עוד הצד השני לא מעוניין לפתור אותה וכל עוד הפלסטינים דובקים בעמדתם שום דבר לא ישתנה

אני גם סבור ששום ראש ממשלה ציוני לא היה מנהל את המלחמה, באופן שונה מביבי"
comment,m0y27nz,2024-12,1733612889,zorg-is-real,Israeli,1,t3_1h4m814,t1_m0y0pmg,,"בעזרת השם מלכות הרשעה הביביסטית כעשן תכלה
ונעביר ממשלת זדון מן הארץ
ובנט ייבחר
ויזיין את הביביסטים אמן"
comment,m0y0pmg,2024-12,1733612362,themightycatp00,Israeli,1,t3_1h4m814,t1_m0xvqom,,"גם אני יכול לחזור על עצמי, אני עדיין אהיה צודק ואתה עדיין תטעה"
comment,m0xvqom,2024-12,1733610678,zorg-is-real,Israeli,1,t3_1h4m814,t1_m0xoj5r,,"לא יהיה פה שלום
צריך הפרדה
בן גביר וחבריו מפריעים"
comment,m0xoj5r,2024-12,1733608283,themightycatp00,Israeli,1,t3_1h4m814,t1_m0xlbrs,,"אין פה שלום כל הצד השני חרט על דגלו פלסטין תהיה ערבית בלבד מהנהר אל הים, לא מעניין אותם עד כמה בלתי אפשרי והזוי ההצהרה הזו

העמדת פנים שרק צד אחד אשם ושרק בגלל כמה פוליטיקאים מהשוליים של החברה הישראלית זה לא קורה, עבודה שגם לפני שבן גביר נולד בכלל לא היה פה שלום"
comment,m0xlbrs,2024-12,1733607233,zorg-is-real,Israeli,1,t3_1h4m814,t1_m0xalu7,,"אין פה שלום כי לא יהיה פה שלום
צריך הפרדה מוחלטת מהפלסטינים
הבעיה שבן גביר ושאר המפגרים שלו רק מנסים לגרום לזה ךהיות בלתי אפשרי"
