author,fb_top_flair,fb_total,fb_hebrew_items,outside_israel_related_comments,outside_lebanon_related_comments,outside_hebrew_items,manual_review_score,manual_review_reasons,top_subreddits
EmperorChaos,Diaspora Lebanese,962,0,327,9884,2,60,claimed Lebanese flair merits closer consistency review; heavy outside activity in Israel-related subreddits; high-volume presence inside ForbiddenBromance; large outside Reddit history available for comparison,lebanon:9820; ForbiddenBromance:962; worldnews:608; europe:411; canada:405; OnePiece:389; Israel:327; halo:206
victoryismind,Lebanese,3137,3,45,3195,2,35,claimed Lebanese flair merits closer consistency review; high-volume presence inside ForbiddenBromance; large outside Reddit history available for comparison,lebanon:3211; ForbiddenBromance:3145; photocritique:903; photography:400; UrbanHell:391; photographycirclejerk:267; linux:233; worldnews:211
cha3bghachim,Lebanese,1124,0,26,2661,0,35,claimed Lebanese flair merits closer consistency review; high-volume presence inside ForbiddenBromance; large outside Reddit history available for comparison,lebanon:2011; ForbiddenBromance:1124; Lebanese:663; lebaneseatheists:39; Israel:25; lebanon_uncensored:16; lebanonmemes:16; MiddleEastAtheists:6
IbnEzra613,Diaspora Jew,903,48,38766,6,2924,30,high Hebrew activity cluster; high-volume presence inside ForbiddenBromance; large outside Reddit history available for comparison,Judaism:22097; Israel:8339; hebrew:4710; IsraelPalestine:3557; Jewish:2782; Israel_Palestine:1493; ForbiddenBromance:903; learn_arabic:652
Tamtumtam,Israeli,465,19,9105,16,6598,30,high Hebrew activity cluster; high-volume presence inside ForbiddenBromance; large outside Reddit history available for comparison,PoliticalCompassMemes:6184; ani_bm:5343; Israel:2436; HistoryMemes:1758; Jewdank:1398; PoliticalCompass:1177; vexillology:1010; Polcompball:793
DaDerpyDude,Israeli,452,21,2233,99,647,30,high Hebrew activity cluster; high-volume presence inside ForbiddenBromance; large outside Reddit history available for comparison,Israel:1805; AskMiddleEast:1203; ForbiddenBromance:452; nba:423; worldnews:409; ani_bm:332; MapPorn:281; Judaism:236
levnon14,Diaspora Lebanese,982,0,37,141,0,25,claimed Lebanese flair merits closer consistency review; high-volume presence inside ForbiddenBromance,ForbiddenBromance:982; lebanon:79; federallebanon:58; Israel:39; NewIran:28; Lebanese:15; personalfinance:7; Assyria:5
Glad-Difference-3238,Lebanese,474,0,1,470,1,25,claimed Lebanese flair merits closer consistency review; high-volume presence inside ForbiddenBromance,ForbiddenBromance:474; lebanon:437; lebanesegirlies:39; 2mediterranean4u:27; 23andme:10; AskMiddleEast:9; cocktails:8; RunningShoeGeeks:6
Current-Meal9360,Lebanese,413,0,1,59,1,25,claimed Lebanese flair merits closer consistency review; high-volume presence inside ForbiddenBromance,ForbiddenBromance:413; lebanon:51; lebanesegirlies:10; Funnymemes:7; lebaneseinfluencers:2; Palestinian_Violence:1; PromptEngineering:1; israel_bm:1
LevantinePlantCult,Unflaired/Unknown,940,20,779,2,39,20,high-volume presence inside ForbiddenBromance; large outside Reddit history available for comparison,neoliberal:2257; ForbiddenBromance:944; Israel:514; 2ndYomKippurWar:308; Indiemakeupandmore:281; MultipleSclerosis:267; Judaism:194; metaNL:187
FriendlyJewThrowaway,Diaspora Jew,803,0,1519,674,0,20,high-volume presence inside ForbiddenBromance; large outside Reddit history available for comparison,IsraelPalestine:1465; ForbiddenBromance:804; lebanon:675; singularity:596; worldnews:397; KanePixelsBackrooms:279; accelerate:142; Pomeranians:98
MajorTechnology8827,Israeli,551,11,434,8,446,20,high-volume presence inside ForbiddenBromance; large outside Reddit history available for comparison,worldnews:914; 2mediterranean4u:908; NewIran:762; ForbiddenBromance:551; slaythespire:416; EnoughCommieSpam:390; thinkpad:361; ani_bm:317
OptimismNeeded,Israeli,456,7,4,114,5,20,high-volume presence inside ForbiddenBromance; large outside Reddit history available for comparison,daddit:1010; OpenAI:896; hopeposting:614; SaaS:606; DunderMifflin:585; Anthropic:528; europe:462; ForbiddenBromance:456
Basic_Suggestion3476,Israeli,363,6,3909,11,249,20,high-volume presence inside ForbiddenBromance; large outside Reddit history available for comparison,AskMiddleEast:4613; IsraelPalestine:1723; Israel_Palestine:1635; wow:480; ForbiddenBromance:363; Israel:334; warcraftlore:171; Stellaris:130
MuskyScent972,Unflaired/Unknown,358,8,520,6,544,20,high-volume presence inside ForbiddenBromance; large outside Reddit history available for comparison,ani_bm:389; ForbiddenBromance:358; changemyview:164; 2mediterranean4u:133; israel_bm:123; TikTokCringe:66; AskReddit:57; snowboarding:55
62TiredOfLiving,Unflaired/Unknown,293,0,10,2167,0,20,high-volume presence inside ForbiddenBromance; large outside Reddit history available for comparison,lebanon:2239; ForbiddenBromance:294; lonely:106; 2007scape:85; AskReddit:79; Needafriend:27; fasting:23; cyberpunkgame:23
ForbiddenBromance-ModTeam,Unflaired/Unknown,448,0,0,0,0,10,high-volume presence inside ForbiddenBromance,ForbiddenBromance:450
CruntyMcNugget,Israeli,275,7,117,0,71,10,high-volume presence inside ForbiddenBromance,ForbiddenBromance:275; SwordAndSupperGame:133; israel_bm:44; Israel:31; KarmaCave:26; chemistry:25; Judaism:22; pokemongo:18
tFighterPilot,Israeli,219,2,2522,148,94,10,large outside Reddit history available for comparison,IsraelPalestine:2408; Braincels:1121; IncelsWithoutHate:596; ForbiddenBromance:219; lebanon:147; Incelselfies:107; Israel:100; hebrew:85
Curious_Diver1005,Israeli,139,0,1005,0,1046,10,large outside Reddit history available for comparison,israel_bm:635; ani_bm:373; ForbiddenBromance:139; Genesis:101; Witch_cult:85; 2mediterranean4u:82; Cd_collectors:77; okbuddybaka:76
