month,author,items,top_flair,hebrew_items
2019-09,cha3bghachim,41,Lebanese,0
2019-09,Iconoclast123,20,Unflaired/Unknown,0
2019-09,[deleted],15,Unflaired/Unknown,16
2019-09,gettling,12,Lebanese,2
2019-09,idan5,11,Israeli,0
2019-09,shalomanioleh,9,Israeli,0
2019-09,PM-ME-YOUR-PHONES,8,Falafel Sahyoun,0
2019-09,hogs_and_kisses,7,Israeli,1
2019-09,kataphract_byzantium,7,Lebanese,0
2019-09,amazing9999,6,Hummus wars veteran,0
2019-09,EnderDragonSlayer12,5,Lebanese,1
2019-09,Paintyourfloor,5,Unflaired/Unknown,0
2019-09,esculapente,5,Lebanese,0
2019-09,Kaireku,4,Israeli,1
2019-09,whoopercheesie,3,Diaspora Jew,0
2019-09,elgatopanda,3,Lebanese,0
2019-09,crazyshitake,3,Unflaired/Unknown,0
2019-09,TheGooblyGamer,2,Diaspora Jew,3
2019-09,CanadaThrowaway173,2,Lebanese,0
2019-09,noitseuqaksa,1,Unflaired/Unknown,0
2019-10,cha3bghachim,53,Lebanese,0
2019-10,gettling,28,Lebanese,2
2019-10,hogs_and_kisses,27,Israeli,1
2019-10,[deleted],25,Unflaired/Unknown,16
2019-10,EnderDragonSlayer12,21,Lebanese,1
2019-10,Paintyourfloor,16,Unflaired/Unknown,0
2019-10,IbnEzra613,14,Diaspora Jew,48
2019-10,kataphract_byzantium,14,Lebanese,0
2019-10,rnev64,11,Israeli,3
2019-10,PM-ME-YOUR-PHONES,11,Falafel Sahyoun,0
2019-10,amazing9999,11,Hummus wars veteran,0
2019-10,Kaireku,10,Israeli,1
2019-10,shalomanioleh,10,Israeli,0
2019-10,Iconoclast123,8,Unflaired/Unknown,0
2019-10,c9joe,7,Israeli,6
2019-10,Gharqad_Tree,7,Israeli,2
2019-10,Tako_402,7,Unflaired/Unknown,0
2019-10,lephalangiste,6,Lebanese,5
2019-10,idan5,6,Israeli,0
2019-10,ayrebishramitiran,6,Lebanese,0
2019-11,[deleted],81,Unflaired/Unknown,16
2019-11,victoryismind,45,Lebanese,3
2019-11,gettling,17,Lebanese,2
2019-11,anonthinker9,17,Israeli,0
2019-11,YuvalMozes,15,Hummus wars veteran,2
2019-11,cha3bghachim,13,Lebanese,0
2019-11,elgatopanda,11,Lebanese,0
2019-11,rnev64,10,Israeli,3
2019-11,rolfen,10,Lebanese,0
2019-11,Amumu4,9,Lebanese,0
2019-11,Tako_402,9,Unflaired/Unknown,0
2019-11,theBrD1,8,Israeli,0
2019-11,HalvaImEgozim,7,Israeli,0
2019-11,Codeinum,7,Israeli,0
2019-11,EnderDragonSlayer12,6,Lebanese,1
2019-11,Hajjah,6,Israeli,0
2019-11,esculapente,6,Lebanese,0
2019-11,element-19,5,Lebanese,0
2019-11,IbnEzra613,4,Diaspora Jew,48
2019-11,lephalangiste,4,Lebanese,5
2019-12,[deleted],116,Unflaired/Unknown,16
2019-12,victoryismind,62,Lebanese,3
2019-12,Tako_402,26,Unflaired/Unknown,0
2019-12,PhobetorXVII,13,Israeli,0
2019-12,Hajjah,13,Israeli,0
2019-12,element-19,12,Lebanese,0
2019-12,cha3bghachim,11,Lebanese,0
2019-12,c9joe,9,Israeli,6
2019-12,Jasonberg,8,Israeli,0
2019-12,EnderDragonSlayer12,6,Lebanese,1
2019-12,shalomanioleh,6,Israeli,0
2019-12,IbnEzra613,5,Diaspora Jew,48
2019-12,RamOmri,5,Israeli,3
2019-12,Kaireku,5,Israeli,1
2019-12,noitseuqaksa,5,Unflaired/Unknown,0
2019-12,gettling,4,Lebanese,2
2019-12,YuvalMozes,4,Hummus wars veteran,2
2019-12,anonthinker9,4,Israeli,0
2019-12,desdendelle,4,Israeli,0
2019-12,kataphract_byzantium,4,Lebanese,0
2020-01,[deleted],369,Unflaired/Unknown,16
2020-01,victoryismind,124,Lebanese,3
2020-01,cedaroot,59,Lebanese,0
2020-01,Ringslap,59,Lebanese,0
2020-01,gettling,52,Lebanese,2
2020-01,cha3bghachim,37,Lebanese,0
2020-01,Tako_402,33,Unflaired/Unknown,0
2020-01,c9joe,23,Israeli,6
2020-01,Hajjah,20,Israeli,0
2020-01,Tamtumtam,14,Israeli,19
2020-01,Codeinum,12,Israeli,0
2020-01,IbnEzra613,11,Diaspora Jew,48
2020-01,element-19,11,Lebanese,0
2020-01,PhobetorXVII,10,Israeli,0
2020-01,RealSlavaboo,9,Diaspora Jew,0
2020-01,lephalangiste,8,Lebanese,5
2020-01,YuvalMozes,8,Hummus wars veteran,2
2020-01,Kaireku,8,Israeli,1
2020-01,Calypsomath,8,Lebanese,0
2020-01,Jasonberg,8,Israeli,0
2020-02,victoryismind,120,Lebanese,3
2020-02,[deleted],64,Unflaired/Unknown,16
2020-02,cha3bghachim,43,Lebanese,0
2020-02,Ringslap,41,Lebanese,0
2020-02,gettling,39,Lebanese,2
2020-02,cedaroot,39,Lebanese,0
2020-02,IbnEzra613,25,Diaspora Jew,48
2020-02,Tamtumtam,17,Israeli,19
2020-02,EnderDragonSlayer12,14,Lebanese,1
2020-02,RamOmri,13,Israeli,3
2020-02,RealSlavaboo,13,Diaspora Jew,0
2020-02,TheGooblyGamer,12,Diaspora Jew,3
2020-02,cieol,12,Israeli,2
2020-02,notsharpnotcut,12,Israeli,1
2020-02,Tako_402,12,Unflaired/Unknown,0
2020-02,ConfusedEnoch,11,Lebanese,0
2020-02,c9joe,10,Israeli,6
2020-02,rnev64,10,Israeli,3
2020-02,YuvalMozes,10,Hummus wars veteran,2
2020-02,esculapente,10,Lebanese,0
2020-03,victoryismind,44,Lebanese,3
2020-03,gettling,24,Lebanese,2
2020-03,RamOmri,22,Israeli,3
2020-03,[deleted],20,Unflaired/Unknown,16
2020-03,KublaiKhan421,16,Lebanese,0
2020-03,Small_Watch,15,Israeli,30
2020-03,YuvalMozes,15,Hummus wars veteran,2
2020-03,c9joe,13,Israeli,6
2020-03,Birdackn,13,Lebanese,0
2020-03,Tako_402,12,Unflaired/Unknown,0
2020-03,moumeet67,12,Unflaired/Unknown,0
2020-03,IbnEzra613,10,Diaspora Jew,48
2020-03,Hajjah,10,Israeli,0
2020-03,Calvo838,10,Unflaired/Unknown,0
2020-03,rnev64,9,Israeli,3
2020-03,aafikk,9,Israeli,0
2020-03,AstoriaJay,8,Diaspora Jew,11
2020-03,amazing9999,8,Hummus wars veteran,0
2020-03,t-vishni,7,Diaspora Israeli,13
2020-03,Kaireku,7,Israeli,1
2020-04,Birdackn,35,Lebanese,0
2020-04,victoryismind,32,Lebanese,3
2020-04,[deleted],27,Unflaired/Unknown,16
2020-04,Nader_OwO,18,Lebanese,0
2020-04,IbnEzra613,15,Diaspora Jew,48
2020-04,Small_Watch,14,Israeli,30
2020-04,dan2737,14,Israeli,0
2020-04,cha3bghachim,13,Lebanese,0
2020-04,gettling,12,Lebanese,2
2020-04,Asehigawa,12,Unflaired/Unknown,0
2020-04,AstoriaJay,11,Diaspora Jew,11
2020-04,absurdadam1,11,Unflaired/Unknown,0
2020-04,STE_ZO,10,Lebanese,0
2020-04,BillyJoeMac9095,9,Unflaired/Unknown,0
2020-04,MercifulMen,8,Israeli,5
2020-04,roborabin,8,Israeli,0
2020-04,RamOmri,7,Israeli,3
2020-04,DaDerpyDude,6,Israeli,21
2020-04,c9joe,6,Israeli,6
2020-04,Gharqad_Tree,6,Israeli,2
2020-05,victoryismind,40,Lebanese,3
2020-05,[deleted],35,Unflaired/Unknown,16
2020-05,Small_Watch,27,Israeli,30
2020-05,akkisalwazwaz,24,Unflaired/Unknown,0
2020-05,boomchakalakawoowoo,20,Lebanese,0
2020-05,liftdistribution,18,Unflaired/Unknown,0
2020-05,DaDerpyDude,17,Israeli,21
2020-05,thebolts,12,Lebanese,0
2020-05,IbnEzra613,11,Diaspora Jew,48
2020-05,Tamtumtam,10,Israeli,19
2020-05,lephalangiste,10,Lebanese,5
2020-05,Tako_402,10,Unflaired/Unknown,0
2020-05,Ringslap,9,Lebanese,0
2020-05,Gharqad_Tree,8,Israeli,2
2020-05,jex15,8,Unflaired/Unknown,0
2020-05,RamOmri,7,Israeli,3
2020-05,gridan,7,Israeli,0
2020-05,danido9,7,Israeli,0
2020-05,briskt,6,Diaspora Jew,1
2020-05,PhobetorXVII,6,Israeli,0
2020-06,[deleted],82,Unflaired/Unknown,16
2020-06,Small_Watch,66,Israeli,30
2020-06,boomchakalakawoowoo,64,Lebanese,0
2020-06,victoryismind,56,Lebanese,3
2020-06,hogs_and_kisses,41,Israeli,1
2020-06,akkisalwazwaz,37,Unflaired/Unknown,0
2020-06,rnev64,31,Israeli,3
2020-06,AnonAf21,28,Lebanese,0
2020-06,Maplesyrup1867,26,Unflaired/Unknown,0
2020-06,Shachar2like,26,Unflaired/Unknown,0
2020-06,AstoriaJay,25,Diaspora Jew,11
2020-06,liftdistribution,20,Unflaired/Unknown,0
2020-06,IMI_Galil,18,Unflaired/Unknown,0
2020-06,zbatouik,16,Unflaired/Unknown,0
2020-06,Tamtumtam,15,Israeli,19
2020-06,IbnEzra613,14,Diaspora Jew,48
2020-06,alleeele,14,Israeli,4
2020-06,t-vishni,13,Diaspora Israeli,13
2020-06,Tormentally,13,Unflaired/Unknown,1
2020-06,Ringslap,13,Lebanese,0
2020-07,[deleted],141,Unflaired/Unknown,16
2020-07,victoryismind,45,Lebanese,3
2020-07,hogs_and_kisses,36,Israeli,1
2020-07,akkisalwazwaz,27,Unflaired/Unknown,0
2020-07,Shachar2like,23,Unflaired/Unknown,0
2020-07,drgoddammit,23,Diaspora Lebanese,0
2020-07,AstoriaJay,21,Diaspora Jew,11
2020-07,IbnEzra613,20,Diaspora Jew,48
2020-07,FriendlyJewThrowaway,19,Diaspora Jew,0
2020-07,c9joe,17,Israeli,6
2020-07,Tamtumtam,16,Israeli,19
2020-07,Tako_402,15,Unflaired/Unknown,0
2020-07,t-vishni,14,Diaspora Israeli,13
2020-07,theBrD1,14,Israeli,0
2020-07,ChartsDeGaulle,13,Lebanese,0
2020-07,imargegunderson,13,Unflaired/Unknown,0
2020-07,rnev64,12,Israeli,3
2020-07,Throwingawayajl,12,Unflaired/Unknown,0
2020-07,Kaireku,10,Israeli,1
2020-07,Maplesyrup1867,10,Unflaired/Unknown,0
2020-08,[deleted],226,Unflaired/Unknown,16
2020-08,IbnEzra613,142,Diaspora Jew,48
2020-08,Shachar2like,133,Unflaired/Unknown,0
2020-08,FriendlyJewThrowaway,96,Diaspora Jew,0
2020-08,Small_Watch,71,Israeli,30
2020-08,cha3bghachim,53,Lebanese,0
2020-08,liftdistribution,33,Unflaired/Unknown,0
2020-08,michaelt_,30,Unflaired/Unknown,0
2020-08,akkisalwazwaz,27,Unflaired/Unknown,0
2020-08,t-vishni,25,Diaspora Israeli,13
2020-08,victoryismind,25,Lebanese,3
2020-08,HRT-713,23,Non-Canaanite,0
2020-08,Throwingawayajl,21,Unflaired/Unknown,0
2020-08,AstoriaJay,20,Diaspora Jew,11
2020-08,DaDerpyDude,19,Israeli,21
2020-08,deshe,19,Israeli,4
2020-08,Tamtumtam,18,Israeli,19
2020-08,TrekkiMonstr,16,Diaspora Jew,6
2020-08,c9joe,15,Israeli,6
2020-08,shushken,15,Unflaired/Unknown,0
2020-09,[deleted],223,Unflaired/Unknown,16
2020-09,victoryismind,39,Lebanese,3
2020-09,Shachar2like,30,Unflaired/Unknown,0
2020-09,t-vishni,27,Diaspora Israeli,13
2020-09,HinamFilastin,27,Unflaired/Unknown,0
2020-09,IbnEzra613,21,Diaspora Jew,48
2020-09,SeeShark,21,Diaspora Israeli,5
2020-09,drgoddammit,21,Diaspora Lebanese,0
2020-09,SqueegeeLuigi,19,Unflaired/Unknown,10
2020-09,Hela-hela-ho,19,Unflaired/Unknown,0
2020-09,EmperorChaos,18,Diaspora Lebanese,0
2020-09,Small_Watch,17,Israeli,30
2020-09,angryc4nuck,15,Diaspora Lebanese,0
2020-09,AstoriaJay,14,Diaspora Jew,11
2020-09,No-Temperature3565,12,Lebanese,0
2020-09,lephalangiste,11,Lebanese,5
2020-09,alleeele,11,Israeli,4
2020-09,cha3bghachim,11,Lebanese,0
2020-09,DaDerpyDude,10,Israeli,21
2020-09,Tamtumtam,9,Israeli,19
2020-10,[deleted],151,Unflaired/Unknown,16
2020-10,Jolly_Independence69,45,Unflaired/Unknown,0
2020-10,drgoddammit,36,Diaspora Lebanese,0
2020-10,Small_Watch,34,Israeli,30
2020-10,DaDerpyDude,34,Israeli,21
2020-10,raaly123,34,Israeli,3
2020-10,victoryismind,28,Lebanese,3
2020-10,IbnEzra613,27,Diaspora Jew,48
2020-10,liftdistribution,24,Unflaired/Unknown,0
2020-10,No-Temperature3565,18,Lebanese,0
2020-10,t-vishni,15,Diaspora Israeli,13
2020-10,dan2737,15,Israeli,0
2020-10,SqueegeeLuigi,13,Unflaired/Unknown,10
2020-10,EmperorChaos,13,Diaspora Lebanese,0
2020-10,SchoolLover1880,12,Diaspora Jew,1
2020-10,FriendlyJewThrowaway,11,Diaspora Jew,0
2020-10,Tamtumtam,10,Israeli,19
2020-10,AstoriaJay,10,Diaspora Jew,11
2020-10,lephalangiste,10,Lebanese,5
2020-10,c9joe,9,Israeli,6
2020-11,[deleted],69,Unflaired/Unknown,16
2020-11,raaly123,39,Israeli,3
2020-11,IbnEzra613,24,Diaspora Jew,48
2020-11,Tamtumtam,22,Israeli,19
2020-11,DaDerpyDude,19,Israeli,21
2020-11,victoryismind,16,Lebanese,3
2020-11,t-vishni,14,Diaspora Israeli,13
2020-11,AstoriaJay,14,Diaspora Jew,11
2020-11,akkisalwazwaz,14,Unflaired/Unknown,0
2020-11,FriendlyJewThrowaway,14,Diaspora Jew,0
2020-11,AdalgarDietbitch,12,Lebanese,0
2020-11,SqueegeeLuigi,10,Unflaired/Unknown,10
2020-11,c9joe,9,Israeli,6
2020-11,SeeShark,8,Diaspora Israeli,5
2020-11,TrekkiMonstr,7,Diaspora Jew,6
2020-11,Soviet_Tovarich,7,Israeli,0
2020-11,Obamaiscoolandgay,6,Unflaired/Unknown,0
2020-11,EmperorChaos,6,Diaspora Lebanese,0
2020-11,higuy2121,6,Unflaired/Unknown,0
2020-11,cha3bghachim,5,Lebanese,0
2020-12,[deleted],103,Unflaired/Unknown,16
2020-12,raaly123,27,Israeli,3
2020-12,victoryismind,25,Lebanese,3
2020-12,Tamtumtam,16,Israeli,19
2020-12,AwesomeHAB,16,Unflaired/Unknown,0
2020-12,leb_free,15,Unflaired/Unknown,0
2020-12,lephalangiste,14,Lebanese,5
2020-12,cha3bghachim,14,Lebanese,0
2020-12,IbnEzra613,13,Diaspora Jew,48
2020-12,t-vishni,12,Diaspora Israeli,13
2020-12,ejade5,12,Unflaired/Unknown,0
2020-12,li_ita,12,Unflaired/Unknown,0
2020-12,FriendlyJewThrowaway,12,Diaspora Jew,0
2020-12,AstoriaJay,11,Diaspora Jew,11
2020-12,akkisalwazwaz,11,Unflaired/Unknown,0
2020-12,Apprehensive_Ant8034,10,Lebanese,0
2020-12,EmperorChaos,10,Diaspora Lebanese,0
2020-12,DaDerpyDude,9,Israeli,21
2020-12,AdalgarDietbitch,9,Lebanese,0
2020-12,LebJR1991,9,Unflaired/Unknown,0
2021-01,[deleted],279,Unflaired/Unknown,16
2021-01,lephalangiste,47,Lebanese,5
2021-01,cha3bghachim,42,Lebanese,0
2021-01,DaDerpyDude,41,Israeli,21
2021-01,t-vishni,39,Diaspora Israeli,13
2021-01,raaly123,39,Israeli,3
2021-01,Tamtumtam,38,Israeli,19
2021-01,SeeShark,37,Diaspora Israeli,5
2021-01,victoryismind,34,Lebanese,3
2021-01,IbnEzra613,33,Diaspora Jew,48
2021-01,Apprehensive_Angle91,25,Unflaired/Unknown,0
2021-01,akkisalwazwaz,22,Unflaired/Unknown,0
2021-01,dan2737,19,Israeli,0
2021-01,c9joe,18,Israeli,6
2021-01,manVsPhD,18,Israeli,1
2021-01,isilthedur,17,Israeli,0
2021-01,allthrow,17,Unflaired/Unknown,0
2021-01,imthatguynamedwolf,15,Israeli,2
2021-01,Codeinum,15,Israeli,0
2021-01,natourrr,15,Unflaired/Unknown,0
2021-02,[deleted],86,Unflaired/Unknown,16
2021-02,victoryismind,50,Lebanese,3
2021-02,DaDerpyDude,48,Israeli,21
2021-02,Tamtumtam,31,Israeli,19
2021-02,liebaniz,24,Unflaired/Unknown,0
2021-02,cooki2020,22,Lebanese,0
2021-02,drgoddammit,18,Diaspora Lebanese,0
2021-02,XERXES249890,15,Lebanese,0
2021-02,peleg24,15,Israeli,0
2021-02,t-vishni,14,Diaspora Israeli,13
2021-02,therealeitan,14,Diaspora Israeli,0
2021-02,Apprehensive_Angle91,13,Unflaired/Unknown,0
2021-02,li_ita,12,Unflaired/Unknown,0
2021-02,westy75,12,Unflaired/Unknown,0
2021-02,AstoriaJay,11,Diaspora Jew,11
2021-02,isaacfisher,11,Israeli,8
2021-02,lephalangiste,10,Lebanese,5
2021-02,FriendlyJewThrowaway,10,Diaspora Jew,0
2021-02,c9joe,9,Israeli,6
2021-02,gettling,9,Lebanese,2
2021-03,[deleted],65,Unflaired/Unknown,16
2021-03,victoryismind,46,Lebanese,3
2021-03,FriendlyJewThrowaway,40,Diaspora Jew,0
2021-03,DaDerpyDude,29,Israeli,21
2021-03,cooki2020,29,Lebanese,0
2021-03,Tamtumtam,26,Israeli,19
2021-03,t-vishni,19,Diaspora Israeli,13
2021-03,AstoriaJay,19,Diaspora Jew,11
2021-03,cha3bghachim,17,Lebanese,0
2021-03,SeeShark,16,Diaspora Israeli,5
2021-03,liebaniz,16,Unflaired/Unknown,0
2021-03,Imadebroth,14,Unflaired/Unknown,1
2021-03,smootskin,13,Israeli,0
2021-03,li_ita,12,Unflaired/Unknown,0
2021-03,raaly123,11,Israeli,3
2021-03,TheKlorg,11,Unflaired/Unknown,0
2021-03,thebolts,9,Lebanese,0
2021-03,EmperorChaos,8,Diaspora Lebanese,0
2021-03,bakochba,8,Unflaired/Unknown,0
2021-03,LEER0Y_J3NK1NS,7,Israeli,1
2021-04,[deleted],105,Unflaired/Unknown,16
2021-04,victoryismind,51,Lebanese,3
2021-04,EmperorChaos,24,Diaspora Lebanese,0
2021-04,DaDerpyDude,20,Israeli,21
2021-04,Tamtumtam,20,Israeli,19
2021-04,RoyalSeraph,17,Diaspora Israeli,14
2021-04,Just_jawad,17,Iranian/Persian,0
2021-04,cha3bghachim,15,Lebanese,0
2021-04,altcoingodzilla,15,Diaspora Israeli,0
2021-04,creustmas,14,Israeli,2
2021-04,tFighterPilot,14,Israeli,2
2021-04,IbnEzra613,13,Diaspora Jew,48
2021-04,AstoriaJay,12,Diaspora Jew,11
2021-04,SeeShark,10,Diaspora Israeli,5
2021-04,dan2737,9,Israeli,0
2021-04,li_ita,9,Unflaired/Unknown,0
2021-04,FriendlyJewThrowaway,9,Diaspora Jew,0
2021-04,raaly123,8,Israeli,3
2021-04,uncle_baby_jesus,8,Israeli,0
2021-04,somearabatheist,8,Lebanese,0
2021-05,[deleted],156,Unflaired/Unknown,16
2021-05,victoryismind,99,Lebanese,3
2021-05,creustmas,86,Israeli,2
2021-05,drgoddammit,62,Diaspora Lebanese,0
2021-05,redhot_banana,58,Diaspora Israeli,0
2021-05,RoyalSeraph,45,Diaspora Israeli,14
2021-05,Apprehensive_Angle91,45,Unflaired/Unknown,0
2021-05,Just_jawad,45,Iranian/Persian,0
2021-05,Ereshkigal1,42,Unflaired/Unknown,0
2021-05,Tamtumtam,39,Israeli,19
2021-05,FriendlyJewThrowaway,32,Diaspora Jew,0
2021-05,raaly123,30,Israeli,3
2021-05,Argo303,28,Israeli,1
2021-05,bakochba,28,Unflaired/Unknown,0
2021-05,yaazoabi,28,Unflaired/Unknown,0
2021-05,Future_Spot_3144,28,Unflaired/Unknown,0
2021-05,ChiFechil,27,Unflaired/Unknown,0
2021-05,ForAnat,24,Unflaired/Unknown,1
2021-05,DaDerpyDude,23,Israeli,21
2021-05,thebolts,23,Lebanese,0
2021-06,Queasy-Cauliflower28,47,Palestinian,5
2021-06,[deleted],31,Unflaired/Unknown,16
2021-06,Shachar2like,31,Unflaired/Unknown,0
2021-06,omke,22,Lebanese,0
2021-06,alleeele,21,Israeli,4
2021-06,victoryismind,21,Lebanese,3
2021-06,FriendlyJewThrowaway,20,Diaspora Jew,0
2021-06,RoyalSeraph,18,Diaspora Israeli,14
2021-06,SoCalLeb10452,18,Unflaired/Unknown,0
2021-06,Just_jawad,18,Iranian/Persian,0
2021-06,Tamtumtam,17,Israeli,19
2021-06,Efficient_Wallaby144,17,Unflaired/Unknown,1
2021-06,Appropriate_Ad_595,16,Lebanese,0
2021-06,DaDerpyDude,15,Israeli,21
2021-06,gettling,15,Lebanese,2
2021-06,IbnEzra613,14,Diaspora Jew,48
2021-06,EmperorChaos,14,Diaspora Lebanese,0
2021-06,theleon-69777,9,Unflaired/Unknown,6
2021-06,creustmas,9,Israeli,2
2021-06,Verjyan,9,Unflaired/Unknown,0
2021-07,[deleted],168,Unflaired/Unknown,16
2021-07,lebanesegirl224,77,Lebanese,0
2021-07,FriendlyJewThrowaway,53,Diaspora Jew,0
2021-07,drgoddammit,44,Diaspora Lebanese,0
2021-07,raaly123,39,Israeli,3
2021-07,victoryismind,31,Lebanese,3
2021-07,EmperorChaos,28,Diaspora Lebanese,0
2021-07,Shachar2like,27,Unflaired/Unknown,0
2021-07,Queasy-Cauliflower28,22,Palestinian,5
2021-07,Just_jawad,22,Iranian/Persian,0
2021-07,DogIsAlive,21,Israeli,1
2021-07,idan2344,21,Unflaired/Unknown,0
2021-07,SqueegeeLuigi,18,Unflaired/Unknown,10
2021-07,Efficient_Wallaby144,17,Unflaired/Unknown,1
2021-07,ur-avrge-citizen,17,Unflaired/Unknown,0
2021-07,thebolts,16,Lebanese,0
2021-07,catloveroftheweek,15,Unflaired/Unknown,0
2021-07,Jadofski,15,Lebanese,0
2021-07,IbnEzra613,14,Diaspora Jew,48
2021-07,DaDerpyDude,14,Israeli,21
2021-08,[deleted],184,Unflaired/Unknown,16
2021-08,Just_jawad,65,Iranian/Persian,0
2021-08,FriendlyJewThrowaway,58,Diaspora Jew,0
2021-08,Carlos_The_Roach,53,Unflaired/Unknown,0
2021-08,verynicesnail,46,Israeli,6
2021-08,lebanesegirl224,45,Lebanese,0
2021-08,victoryismind,41,Lebanese,3
2021-08,HRT-713,40,Non-Canaanite,0
2021-08,drgoddammit,35,Diaspora Lebanese,0
2021-08,EmperorChaos,35,Diaspora Lebanese,0
2021-08,gentlemaninparis,28,Lebanese,0
2021-08,raaly123,25,Israeli,3
2021-08,Ofekino12,25,Unflaired/Unknown,3
2021-08,EnvironmentalPoem890,24,Israeli,2
2021-08,Appropriate_Ad_595,24,Lebanese,0
2021-08,DaDerpyDude,23,Israeli,21
2021-08,Basic_Suggestion3476,23,Israeli,6
2021-08,Alon32145,23,Israeli,3
2021-08,TheRockButWorst,21,Israeli,1
2021-08,george_elkhouri,21,Unflaired/Unknown,0
2021-09,[deleted],143,Unflaired/Unknown,16
2021-09,FriendlyJewThrowaway,100,Diaspora Jew,0
2021-09,KimoZ_2006,94,Iranian/Persian,0
2021-09,Just_jawad,34,Iranian/Persian,0
2021-09,lebanesegirl224,33,Lebanese,0
2021-09,Argo303,24,Israeli,1
2021-09,verynicesnail,18,Israeli,6
2021-09,SoCalLeb10452,18,Unflaired/Unknown,0
2021-09,Con_DOriano,18,Lebanese,0
2021-09,EmperorChaos,17,Diaspora Lebanese,0
2021-09,GavrielBA,16,Unflaired/Unknown,0
2021-09,qal_t,15,Diaspora Israeli,1
2021-09,lebaneseleo,14,Unflaired/Unknown,0
2021-09,TheKlorg,13,Unflaired/Unknown,0
2021-09,raaly123,12,Israeli,3
2021-09,drgoddammit,12,Diaspora Lebanese,0
2021-09,thesalukie,12,Unflaired/Unknown,0
2021-09,Zenarchist,11,Unflaired/Unknown,0
2021-09,victoryismind,10,Lebanese,3
2021-09,misterprobsolver,10,Unflaired/Unknown,0
2021-10,[deleted],52,Unflaired/Unknown,16
2021-10,lebanesegirl224,27,Lebanese,0
2021-10,TheKlorg,22,Unflaired/Unknown,0
2021-10,soraya64,14,Unflaired/Unknown,0
2021-10,Queasy-Cauliflower28,13,Palestinian,5
2021-10,FriendlyJewThrowaway,13,Diaspora Jew,0
2021-10,verynicesnail,10,Israeli,6
2021-10,cha3bghachim,10,Lebanese,0
2021-10,drpoucevert,10,Diaspora Lebanese,0
2021-10,GlitteringPoetry5696,9,Unflaired/Unknown,0
2021-10,thesalukie,8,Unflaired/Unknown,0
2021-10,EmperorChaos,8,Diaspora Lebanese,0
2021-10,DaDerpyDude,7,Israeli,21
2021-10,tFighterPilot,7,Israeli,2
2021-10,drgoddammit,7,Diaspora Lebanese,0
2021-10,cyberdbs,7,Unflaired/Unknown,0
2021-10,bakochba,7,Unflaired/Unknown,0
2021-10,Extreme-Scallion-430,7,Unflaired/Unknown,0
2021-10,dan2737,6,Israeli,0
2021-10,Pera_Espinosa,5,Unflaired/Unknown,4
2021-11,Queasy-Cauliflower28,110,Palestinian,5
2021-11,[deleted],56,Unflaired/Unknown,16
2021-11,DaDerpyDude,23,Israeli,21
2021-11,tFighterPilot,12,Israeli,2
2021-11,TheKlorg,11,Unflaired/Unknown,0
2021-11,Basic_Suggestion3476,9,Israeli,6
2021-11,GavrielBA,9,Unflaired/Unknown,0
2021-11,yunhblay1,9,Unflaired/Unknown,0
2021-11,YuvalMozes,8,Hummus wars veteran,2
2021-11,SoCalLeb10452,8,Unflaired/Unknown,0
2021-11,Tamtumtam,7,Israeli,19
2021-11,SqueegeeLuigi,7,Unflaired/Unknown,10
2021-11,Alert-Conversation-1,7,Unflaired/Unknown,0
2021-11,verynicesnail,6,Israeli,6
2021-11,lebaneseleo,6,Unflaired/Unknown,0
2021-11,taintedCH,6,Israeli,0
2021-11,AfghanPlakka64,6,Unflaired/Unknown,0
2021-11,lephalangiste,5,Lebanese,5
2021-11,cha3bghachim,5,Lebanese,0
2021-11,Shachar2like,5,Unflaired/Unknown,0
2021-12,[deleted],66,Unflaired/Unknown,16
2021-12,cutelittlefox1,26,Diaspora Lebanese,0
2021-12,Alert-Conversation-1,16,Unflaired/Unknown,0
2021-12,DaDerpyDude,15,Israeli,21
2021-12,SqueegeeLuigi,14,Unflaired/Unknown,10
2021-12,No_Tap35,12,Unflaired/Unknown,0
2021-12,FriendlyJewThrowaway,11,Diaspora Jew,0
2021-12,Tamtumtam,10,Israeli,19
2021-12,AstoriaJay,10,Diaspora Jew,11
2021-12,IbnEzra613,9,Diaspora Jew,48
2021-12,verynicesnail,8,Israeli,6
2021-12,r___h,8,Unflaired/Unknown,0
2021-12,bakochba,8,Unflaired/Unknown,0
2021-12,lebanesegirl224,7,Lebanese,0
2021-12,-Cute_gay_bunny-,7,Unflaired/Unknown,0
2021-12,laguieraloca,7,Unflaired/Unknown,0
2021-12,HaTzoref,6,Unflaired/Unknown,3
2021-12,cha3bghachim,6,Lebanese,0
2021-12,soraya64,6,Unflaired/Unknown,0
2021-12,Zenarchist,6,Unflaired/Unknown,0
2022-01,[deleted],72,Unflaired/Unknown,16
2022-01,Offica_Makenzi,57,Unflaired/Unknown,0
2022-01,Tamtumtam,39,Israeli,19
2022-01,FriendlyJewThrowaway,26,Diaspora Jew,0
2022-01,-Cute_gay_bunny-,25,Unflaired/Unknown,0
2022-01,Shachar2like,22,Unflaired/Unknown,0
2022-01,EmperorChaos,16,Diaspora Lebanese,0
2022-01,Zenarchist,16,Unflaired/Unknown,0
2022-01,jpsmi,16,Unflaired/Unknown,0
2022-01,SqueegeeLuigi,14,Unflaired/Unknown,10
2022-01,shalom_marhaba,14,Unflaired/Unknown,0
2022-01,bakochba,13,Unflaired/Unknown,0
2022-01,Efficient_Wallaby144,11,Unflaired/Unknown,1
2022-01,badass_panda,11,Unflaired/Unknown,0
2022-01,winei001,11,Unflaired/Unknown,0
2022-01,verynicesnail,10,Israeli,6
2022-01,alleeele,10,Israeli,4
2022-01,AstoriaJay,9,Diaspora Jew,11
2022-01,Argo303,9,Israeli,1
2022-01,Additional-Second-68,9,Unflaired/Unknown,0
2022-02,[deleted],131,Unflaired/Unknown,16
2022-02,Shachar2like,24,Unflaired/Unknown,0
2022-02,Tamtumtam,13,Israeli,19
2022-02,EmperorChaos,10,Diaspora Lebanese,0
2022-02,cha3bghachim,9,Lebanese,0
2022-02,DaDerpyDude,8,Israeli,21
2022-02,verynicesnail,8,Israeli,6
2022-02,EnvironmentalPoem890,8,Israeli,2
2022-02,Appropriate_Ad_595,8,Lebanese,0
2022-02,lebanesegirl224,8,Lebanese,0
2022-02,SqueegeeLuigi,7,Unflaired/Unknown,10
2022-02,xland44,7,Israeli,1
2022-02,qal_t,7,Diaspora Israeli,1
2022-02,badass_panda,7,Unflaired/Unknown,0
2022-02,tomycatomy,7,Israeli,0
2022-02,bakochba,7,Unflaired/Unknown,0
2022-02,thebubble2020,7,Unflaired/Unknown,0
2022-02,kylebisme,5,Unflaired/Unknown,0
2022-02,ejade5,4,Unflaired/Unknown,0
2022-02,ur-avrge-citizen,4,Unflaired/Unknown,0
2022-03,[deleted],33,Unflaired/Unknown,16
2022-03,EmperorChaos,23,Diaspora Lebanese,0
2022-03,Tamtumtam,10,Israeli,19
2022-03,SoCalLeb10452,8,Unflaired/Unknown,0
2022-03,lebanesegirl224,8,Lebanese,0
2022-03,thebubble2020,8,Unflaired/Unknown,0
2022-03,etaithespeedcuber,7,Unflaired/Unknown,0
2022-03,verynicesnail,5,Israeli,6
2022-03,muffinpercent,5,Israeli,1
2022-03,lord_of_memeingtown,5,Unflaired/Unknown,0
2022-03,neighbourhood-cat,4,Lebanese,0
2022-03,OliveChatty,4,Diaspora Lebanese,0
2022-03,AstoriaJay,3,Diaspora Jew,11
2022-03,lephalangiste,3,Lebanese,5
2022-03,Wormri,3,Israeli,3
2022-03,Bokbok95,3,Unflaired/Unknown,2
2022-03,WhoListensAndDefends,3,Unflaired/Unknown,0
2022-03,FriendlyJewThrowaway,3,Diaspora Jew,0
2022-03,Info_Miner,3,Unflaired/Unknown,0
2022-03,Ali_0819,3,Unflaired/Unknown,0
2022-04,[deleted],70,Unflaired/Unknown,16
2022-04,thebolts,35,Lebanese,0
2022-04,EmperorChaos,27,Diaspora Lebanese,0
2022-04,verynicesnail,20,Israeli,6
2022-04,Shachar2like,17,Unflaired/Unknown,0
2022-04,lebanesegirl224,16,Lebanese,0
2022-04,Israeliman1245,13,Israeli,0
2022-04,bakochba,12,Unflaired/Unknown,0
2022-04,xland44,11,Israeli,1
2022-04,Existing_Suspect_275,11,Unflaired/Unknown,0
2022-04,Low_Law2417,10,Unflaired/Unknown,0
2022-04,EnvironmentalPoem890,9,Israeli,2
2022-04,manhattanabe,9,Unflaired/Unknown,0
2022-04,Tamtumtam,8,Israeli,19
2022-04,RoyalSeraph,8,Diaspora Israeli,14
2022-04,i_love_limenade,7,Unflaired/Unknown,0
2022-04,DaDerpyDude,6,Israeli,21
2022-04,SqueegeeLuigi,6,Unflaired/Unknown,10
2022-04,SoCalLeb10452,6,Unflaired/Unknown,0
2022-04,curiousneophyte7,6,Unflaired/Unknown,0
2022-05,[deleted],46,Unflaired/Unknown,16
2022-05,EmperorChaos,43,Diaspora Lebanese,0
2022-05,thebolts,30,Lebanese,0
2022-05,victoryismind,27,Lebanese,3
2022-05,EnvironmentalPoem890,17,Israeli,2
2022-05,DaDerpyDude,13,Israeli,21
2022-05,verynicesnail,13,Israeli,6
2022-05,Fthku,13,Israeli,4
2022-05,Tamtumtam,12,Israeli,19
2022-05,SoCalLeb10452,11,Unflaired/Unknown,0
2022-05,lebanesegirl224,9,Lebanese,0
2022-05,FriendlyJewThrowaway,9,Diaspora Jew,0
2022-05,Valkerae961,9,Lebanese,0
2022-05,xland44,8,Israeli,1
2022-05,cha3bghachim,8,Lebanese,0
2022-05,OmryR,8,Unflaired/Unknown,0
2022-05,Dependent_Storage184,8,Unflaired/Unknown,0
2022-05,Existing_Suspect_275,7,Unflaired/Unknown,0
2022-05,RoyalSeraph,6,Diaspora Israeli,14
2022-05,SubjectOmega,6,Unflaired/Unknown,2
2022-06,[deleted],27,Unflaired/Unknown,16
2022-06,victoryismind,25,Lebanese,3
2022-06,EmperorChaos,16,Diaspora Lebanese,0
2022-06,Fthku,14,Israeli,4
2022-06,drpoucevert,10,Diaspora Lebanese,0
2022-06,IbnEzra613,9,Diaspora Jew,48
2022-06,cha3bghachim,9,Lebanese,0
2022-06,NotTooTooBright,8,Unflaired/Unknown,0
2022-06,OmryR,8,Unflaired/Unknown,0
2022-06,SqueegeeLuigi,7,Unflaired/Unknown,10
2022-06,EnvironmentalPoem890,7,Israeli,2
2022-06,optional_wax,6,Israeli,0
2022-06,Terewawa,6,Unflaired/Unknown,0
2022-06,ProfessionalMost2975,5,Unflaired/Unknown,0
2022-06,2Point7Kilotons,5,Unflaired/Unknown,0
2022-06,TrekkiMonstr,4,Diaspora Jew,6
2022-06,lephalangiste,4,Lebanese,5
2022-06,dan2737,4,Israeli,0
2022-06,phoenician_kang,4,Unflaired/Unknown,0
2022-06,Now200,4,Unflaired/Unknown,0
2022-07,Lil_jayye,62,Unflaired/Unknown,0
2022-07,OmryR,25,Unflaired/Unknown,0
2022-07,EmperorChaos,20,Diaspora Lebanese,0
2022-07,Next_Cup840,13,Unflaired/Unknown,0
2022-07,SqueegeeLuigi,10,Unflaired/Unknown,10
2022-07,curiousneophyte7,10,Unflaired/Unknown,0
2022-07,phoenician_kang,10,Unflaired/Unknown,0
2022-07,[deleted],9,Unflaired/Unknown,16
2022-07,IgnatiusJay_Reilly,9,Unflaired/Unknown,0
2022-07,2Point7Kilotons,9,Unflaired/Unknown,0
2022-07,Fthku,7,Israeli,4
2022-07,Traditional_Ebb485,7,Unflaired/Unknown,0
2022-07,RoyalSeraph,6,Diaspora Israeli,14
2022-07,lephalangiste,6,Lebanese,5
2022-07,trueHolyGiraffe,6,Israeli,1
2022-07,hunky_pilot,6,Diaspora Lebanese,0
2022-07,drpoucevert,6,Diaspora Lebanese,0
2022-07,Basic_Suggestion3476,5,Israeli,6
2022-07,verynicesnail,4,Israeli,6
2022-07,victoryismind,4,Lebanese,3
2022-08,victoryismind,18,Lebanese,3
2022-08,[deleted],10,Unflaired/Unknown,16
2022-08,OmryR,4,Unflaired/Unknown,0
2022-08,Omeritzics,4,Israeli,0
2022-08,foxer_arnt_trees,3,Unflaired/Unknown,6
2022-08,Shachar2like,3,Unflaired/Unknown,0
2022-08,Big_Doctor2094,3,Unflaired/Unknown,0
2022-08,davidds0,3,Unflaired/Unknown,0
2022-08,EmperorChaos,3,Diaspora Lebanese,0
2022-08,daatz,3,Unflaired/Unknown,0
2022-08,ladthrowlad,3,Unflaired/Unknown,0
2022-08,IbnEzra613,2,Diaspora Jew,48
2022-08,SqueegeeLuigi,2,Unflaired/Unknown,10
2022-08,verynicesnail,2,Israeli,6
2022-08,extrastone,2,Israeli,1
2022-08,Haunting_Tank2948,2,Unflaired/Unknown,0
2022-08,LifeInCarrots,2,Unflaired/Unknown,0
2022-08,zess3,2,Unflaired/Unknown,0
2022-08,Coolyooo,2,Unflaired/Unknown,0
2022-08,ahomeisacastle,2,Israeli,0
2022-09,[deleted],27,Unflaired/Unknown,16
2022-09,OmryR,24,Unflaired/Unknown,0
2022-09,victoryismind,18,Lebanese,3
2022-09,curiousneophyte7,11,Unflaired/Unknown,0
2022-09,740-park-ave,10,Diaspora Lebanese,0
2022-09,EmperorChaos,9,Diaspora Lebanese,0
2022-09,DaDerpyDude,8,Israeli,21
2022-09,lightpomegranate,8,Unflaired/Unknown,0
2022-09,mytruckisload,6,Unflaired/Unknown,0
2022-09,SqueegeeLuigi,5,Unflaired/Unknown,10
2022-09,DankDEEZNutz,5,Unflaired/Unknown,0
2022-09,foopirata,5,Unflaired/Unknown,0
2022-09,daatz,5,Unflaired/Unknown,0
2022-09,Alternative-Sleep45,4,Unflaired/Unknown,0
2022-09,LieGlittering3574,4,Unflaired/Unknown,0
2022-09,IbnEzra613,3,Diaspora Jew,48
2022-09,AstoriaJay,3,Diaspora Jew,11
2022-09,Ultrapro011,3,Unflaired/Unknown,8
2022-09,c9joe,3,Israeli,6
2022-09,Basic_Suggestion3476,3,Israeli,6
2022-10,[deleted],41,Unflaired/Unknown,16
2022-10,Medical-Bowl2194,22,Unflaired/Unknown,0
2022-10,FriendlyJewThrowaway,22,Diaspora Jew,0
2022-10,OmryR,16,Unflaired/Unknown,0
2022-10,lemondabke,14,Unflaired/Unknown,0
2022-10,bakochba,12,Unflaired/Unknown,0
2022-10,IbnEzra613,10,Diaspora Jew,48
2022-10,Popular_Job_6155,8,Unflaired/Unknown,0
2022-10,Craving_peace,8,Unflaired/Unknown,0
2022-10,EmperorChaos,7,Diaspora Lebanese,0
2022-10,hindamalka,6,Israeli,10
2022-10,Ultrapro011,6,Unflaired/Unknown,8
2022-10,NotTooTooBright,6,Unflaired/Unknown,0
2022-10,drpoucevert,6,Diaspora Lebanese,0
2022-10,xland44,5,Israeli,1
2022-10,tal_slk,5,Unflaired/Unknown,1
2022-10,lord_of_memeingtown,5,Unflaired/Unknown,0
2022-10,Blancilo,4,Israeli,3
2022-10,FrlXloN,4,Unflaired/Unknown,1
2022-10,Technical-Service-61,4,Unflaired/Unknown,1
2022-11,[deleted],34,Unflaired/Unknown,16
2022-11,FriendlyJewThrowaway,11,Diaspora Jew,0
2022-11,cha3bghachim,8,Lebanese,0
2022-11,LebJR1991,7,Unflaired/Unknown,0
2022-11,RyanH090,7,Diaspora Lebanese,0
2022-11,Bilbal6,7,Unflaired/Unknown,0
2022-11,the_emo_bunny_,6,Israeli,1
2022-11,dan2737,6,Israeli,0
2022-11,GavrielBA,6,Unflaired/Unknown,0
2022-11,BlueDistribution16,5,Unflaired/Unknown,1
2022-11,IbnEzra613,4,Diaspora Jew,48
2022-11,Ultrapro011,4,Unflaired/Unknown,8
2022-11,Shachar2like,4,Unflaired/Unknown,0
2022-11,extrastone,3,Israeli,1
2022-11,Craving_peace,3,Unflaired/Unknown,0
2022-11,Mr-QueenO,3,Unflaired/Unknown,0
2022-11,thepinkonesoterrify,3,Israeli,0
2022-11,AstoriaJay,2,Diaspora Jew,11
2022-11,hindamalka,2,Israeli,10
2022-11,md_iliya,2,Unflaired/Unknown,4
2022-12,[deleted],7,Unflaired/Unknown,16
2022-12,Shachar2like,7,Unflaired/Unknown,0
2022-12,RoyalSeraph,5,Diaspora Israeli,14
2022-12,Craving_peace,5,Unflaired/Unknown,0
2022-12,RyanH090,4,Diaspora Lebanese,0
2022-12,Outside_Cup_130,4,Unflaired/Unknown,0
2022-12,BnaiRephaim,3,Diaspora Israeli,1
2022-12,GavrielBA,3,Unflaired/Unknown,0
2022-12,fattoush_republic,3,Unflaired/Unknown,0
2022-12,Marvin1945,3,Unflaired/Unknown,0
2022-12,IranOutOfLebanon,3,Unflaired/Unknown,0
2022-12,SqueegeeLuigi,2,Unflaired/Unknown,10
2022-12,lephalangiste,2,Lebanese,5
2022-12,Behemoth122,2,Unflaired/Unknown,1
2022-12,_Its_britneybitch_,2,Unflaired/Unknown,0
2022-12,Matar_Kubileya,2,Diaspora Jew,0
2022-12,EmperorChaos,2,Diaspora Lebanese,0
2022-12,FriendlyJewThrowaway,2,Diaspora Jew,0
2022-12,Trengingigan,2,Unflaired/Unknown,0
2022-12,gotnomiddlename,2,Unflaired/Unknown,0
2023-01,thebolts,14,Lebanese,0
2023-01,missjennielang,12,Unflaired/Unknown,0
2023-01,[deleted],9,Unflaired/Unknown,16
2023-01,Substantial-Read-555,7,Unflaired/Unknown,0
2023-01,axonice,7,Unflaired/Unknown,0
2023-01,gwszack,6,Unflaired/Unknown,0
2023-01,FriendlyJewThrowaway,5,Diaspora Jew,0
2023-01,Enough-Note-1490,5,Unflaired/Unknown,0
2023-01,SubjectOmega,4,Unflaired/Unknown,2
2023-01,Prudent_Struggle_880,4,Unflaired/Unknown,0
2023-01,bakochba,4,Unflaired/Unknown,0
2023-01,boriotto,4,Unflaired/Unknown,0
2023-01,Dsnt-mtr,4,Unflaired/Unknown,0
2023-01,dummytroll,4,Diaspora Lebanese,0
2023-01,issam-ben,4,Unflaired/Unknown,0
2023-01,RoyalSeraph,3,Diaspora Israeli,14
2023-01,FireflySun,3,Unflaired/Unknown,0
2023-01,xdecayedghoulx,3,Unflaired/Unknown,0
2023-01,EmperorChaos,3,Diaspora Lebanese,0
2023-01,primordialmarine,3,Unflaired/Unknown,0
2023-02,[deleted],12,Unflaired/Unknown,16
2023-02,Shachar2like,12,Unflaired/Unknown,0
2023-02,MEOWTH65,7,Israeli,0
2023-02,creustmas,4,Israeli,2
2023-02,EmperorChaos,4,Diaspora Lebanese,0
2023-02,fattoush_republic,4,Unflaired/Unknown,0
2023-02,axonice,4,Unflaired/Unknown,0
2023-02,lemondabke,3,Unflaired/Unknown,0
2023-02,EnfantTragic,3,Unflaired/Unknown,0
2023-02,solinvictus13,3,Unflaired/Unknown,0
2023-02,justreadings,2,Unflaired/Unknown,1
2023-02,RenegadeOfChonk,2,Unflaired/Unknown,0
2023-02,Heavy_Heat_8458,2,Non-Canaanite,0
2023-02,IbnEzra613,1,Diaspora Jew,48
2023-02,IWillNotArgueOnRedit,1,Unflaired/Unknown,1
2023-02,CustomerNo2099,1,Unflaired/Unknown,1
2023-02,cha3bghachim,1,Lebanese,0
2023-02,LebJR1991,1,Unflaired/Unknown,0
2023-02,rebrackin,1,Unflaired/Unknown,0
2023-02,Substantial-Read-555,1,Unflaired/Unknown,0
2023-03,[deleted],46,Unflaired/Unknown,16
2023-03,Hyper_Maro,40,Lebanese,0
2023-03,MyNewAccouny,29,Unflaired/Unknown,0
2023-03,boriotto,20,Unflaired/Unknown,0
2023-03,IbnEzra613,14,Diaspora Jew,48
2023-03,SqueegeeLuigi,10,Unflaired/Unknown,10
2023-03,thebolts,9,Lebanese,0
2023-03,Motor_Rich_8571,9,Unflaired/Unknown,0
2023-03,fattoush_republic,9,Unflaired/Unknown,0
2023-03,_geab,9,Unflaired/Unknown,0
2023-03,lebanesegirl224,7,Lebanese,0
2023-03,b1Gdada,7,Unflaired/Unknown,0
2023-03,Nevochkam1,6,Israeli,0
2023-03,Chimera-98,5,Israeli,0
2023-03,baal-beelzebub,5,Diaspora Lebanese,0
2023-03,bakochba,5,Unflaired/Unknown,0
2023-03,Affectionate-Job-398,4,Unflaired/Unknown,1
2023-03,NotTooTooBright,4,Unflaired/Unknown,0
2023-03,ahomeisacastle,4,Israeli,0
2023-03,JewishMaghreb,4,Unflaired/Unknown,0
2023-04,[deleted],161,Unflaired/Unknown,16
2023-04,Significant-Meat-799,39,Unflaired/Unknown,0
2023-04,Automatic-Piece6401,37,Unflaired/Unknown,1
2023-04,JoeysPen,31,Unflaired/Unknown,0
2023-04,EmperorChaos,24,Diaspora Lebanese,0
2023-04,thebolts,22,Lebanese,0
2023-04,iam_lost_bred,19,Unflaired/Unknown,0
2023-04,LampinRabbit,19,Unflaired/Unknown,0
2023-04,IDG5,17,Unflaired/Unknown,4
2023-04,baal-beelzebub,16,Diaspora Lebanese,0
2023-04,Darkcuber22,15,Unflaired/Unknown,0
2023-04,SqueegeeLuigi,14,Unflaired/Unknown,10
2023-04,roguexonomist,13,Unflaired/Unknown,0
2023-04,Difficult-Injury4062,13,Unflaired/Unknown,0
2023-04,JustNamiSushi,12,Unflaired/Unknown,2
2023-04,Maximilianmorel,12,Unflaired/Unknown,0
2023-04,No_Elephant_5421,12,Unflaired/Unknown,0
2023-04,joe5514,12,Unflaired/Unknown,0
2023-04,Conquest4Strawberry,11,Unflaired/Unknown,0
2023-04,the_never_name,11,Unflaired/Unknown,0
2023-05,[deleted],39,Unflaired/Unknown,16
2023-05,Culling_OfTheDeath,35,Unflaired/Unknown,0
2023-05,Rude_Excitement2909,17,Unflaired/Unknown,0
2023-05,EmperorChaos,15,Diaspora Lebanese,0
2023-05,InitialLiving6956,14,Unflaired/Unknown,0
2023-05,tortanx,12,Unflaired/Unknown,0
2023-05,Hyper_Maro,10,Lebanese,0
2023-05,Automatic-Piece6401,9,Unflaired/Unknown,1
2023-05,thebolts,9,Lebanese,0
2023-05,waitItsQuestionTime,8,Unflaired/Unknown,5
2023-05,AD-LB,8,Unflaired/Unknown,1
2023-05,JoeysPen,8,Unflaired/Unknown,0
2023-05,Professional_Tea_2,8,Unflaired/Unknown,0
2023-05,meltysoftboy,7,Unflaired/Unknown,1
2023-05,GavrielBA,7,Unflaired/Unknown,0
2023-05,wizerdofmonky69,7,Unflaired/Unknown,0
2023-05,lightpomegranate,7,Unflaired/Unknown,0
2023-05,r0ffpg,7,Israeli,0
2023-05,JuNoNoWhatJewrTalkin,7,Unflaired/Unknown,0
2023-05,SqueegeeLuigi,6,Unflaired/Unknown,10
2023-06,Adept-Leading-4704,28,Unflaired/Unknown,0
2023-06,SoleySaul,21,Israeli,0
2023-06,thebolts,11,Lebanese,0
2023-06,Physical-Fan-9677,11,Unflaired/Unknown,0
2023-06,No_Elephant_5421,9,Unflaired/Unknown,0
2023-06,Nate_so,8,Israeli,0
2023-06,[deleted],7,Unflaired/Unknown,16
2023-06,SqueegeeLuigi,7,Unflaired/Unknown,10
2023-06,EmperorChaos,7,Diaspora Lebanese,0
2023-06,ArpanMaster,6,Unflaired/Unknown,3
2023-06,Significant-Meat-799,6,Unflaired/Unknown,0
2023-06,lemondabke,6,Unflaired/Unknown,0
2023-06,Basic_Suggestion3476,5,Israeli,6
2023-06,baal-beelzebub,5,Diaspora Lebanese,0
2023-06,Heavy_Heat_8458,5,Non-Canaanite,0
2023-06,Turbulent-Counter149,5,Unflaired/Unknown,0
2023-06,FriendlyJewThrowaway,4,Diaspora Jew,0
2023-06,dummytroll,4,Diaspora Lebanese,0
2023-06,BlankVoid2979,4,Unflaired/Unknown,0
2023-06,Existing_Drawer7935,4,Unflaired/Unknown,0
2023-07,InitialLiving6956,16,Unflaired/Unknown,0
2023-07,CustomerNo2099,10,Unflaired/Unknown,1
2023-07,[deleted],9,Unflaired/Unknown,16
2023-07,Zone4883,7,Lebanese,0
2023-07,theboomboy,6,Unflaired/Unknown,2
2023-07,EmperorChaos,6,Diaspora Lebanese,0
2023-07,RoyalSeraph,5,Diaspora Israeli,14
2023-07,Shachar2like,5,Unflaired/Unknown,0
2023-07,ProfessorOk9781,5,Unflaired/Unknown,0
2023-07,ItsGamalAbdelNasser,4,Unflaired/Unknown,0
2023-07,62TiredOfLiving,3,Unflaired/Unknown,0
2023-07,drpoucevert,3,Diaspora Lebanese,0
2023-07,SoleySaul,3,Israeli,0
2023-07,FriendlyJewThrowaway,3,Diaspora Jew,0
2023-07,foopirata,3,Unflaired/Unknown,0
2023-07,Beneficial_Tap_8313,3,Unflaired/Unknown,0
2023-07,halliwah_new,3,Israeli,0
2023-07,Conclamatus,3,Unflaired/Unknown,0
2023-07,bnipples,3,Unflaired/Unknown,0
2023-07,tFighterPilot,2,Israeli,2
2023-08,noah121654,42,Unflaired/Unknown,0
2023-08,Silly_Calligrapher41,35,Unflaired/Unknown,0
2023-08,EmperorChaos,32,Diaspora Lebanese,0
2023-08,Phoenician_Emperor,31,Diaspora Lebanese,0
2023-08,FriendlyJewThrowaway,26,Diaspora Jew,0
2023-08,pinchasthegris,21,Unflaired/Unknown,1
2023-08,Praise_AI_Overlords,21,Unflaired/Unknown,0
2023-08,XnopytDONTPyt,20,Unflaired/Unknown,0
2023-08,MacaroonNo3047,16,Unflaired/Unknown,0
2023-08,ItsGamalAbdelNasser,15,Unflaired/Unknown,0
2023-08,Rude_Excitement2909,14,Unflaired/Unknown,0
2023-08,Psychological_Use159,13,Unflaired/Unknown,0
2023-08,SqueegeeLuigi,12,Unflaired/Unknown,10
2023-08,thebolts,11,Lebanese,0
2023-08,WorkFromHomeOffice,11,Unflaired/Unknown,0
2023-08,r0ffpg,10,Israeli,0
2023-08,th_Finish_cucumber,9,Unflaired/Unknown,0
2023-08,JosukesMum,9,Unflaired/Unknown,0
2023-08,DoubleFishes,8,Unflaired/Unknown,1
2023-08,Shachar2like,8,Unflaired/Unknown,0
2023-09,SAFIziad1,14,Unflaired/Unknown,0
2023-09,Rude_Excitement2909,8,Unflaired/Unknown,0
2023-09,UNPTA,6,Israeli,0
2023-09,RoundLifeItIs,5,Unflaired/Unknown,0
2023-09,Ok_Pangolin_9134,4,Unflaired/Unknown,0
2023-09,issaousba3,4,Unflaired/Unknown,0
2023-09,Basic_Suggestion3476,3,Israeli,6
2023-09,reupRose__,3,Unflaired/Unknown,0
2023-09,FriendlyJewThrowaway,3,Diaspora Jew,0
2023-09,41fps,3,Unflaired/Unknown,0
2023-09,RoyalSeraph,2,Diaspora Israeli,14
2023-09,poopintheyoghurt,2,Unflaired/Unknown,4
2023-09,yaSuissa,2,Israeli,2
2023-09,thebolts,2,Lebanese,0
2023-09,Shachar2like,2,Unflaired/Unknown,0
2023-09,dan2737,2,Israeli,0
2023-09,Red-HawkEye,2,Lebanese,0
2023-09,amannisgay,2,Unflaired/Unknown,0
2023-09,Appropriate_Leg730,2,Unflaired/Unknown,0
2023-09,bailing_in,2,Unflaired/Unknown,0
2023-10,walid_Bek,48,Unflaired/Unknown,0
2023-10,thebolts,46,Lebanese,0
2023-10,SAFIziad1,41,Unflaired/Unknown,0
2023-10,SqueegeeLuigi,37,Unflaired/Unknown,10
2023-10,lebaneseleo,36,Unflaired/Unknown,0
2023-10,Rude_Excitement2909,36,Unflaired/Unknown,0
2023-10,Basic_Suggestion3476,35,Israeli,6
2023-10,emaxwell13131313,35,Unflaired/Unknown,0
2023-10,baal-beelzebub,34,Diaspora Lebanese,0
2023-10,FriendlyJewThrowaway,31,Diaspora Jew,0
2023-10,cha3bghachim,30,Lebanese,0
2023-10,62TiredOfLiving,29,Unflaired/Unknown,0
2023-10,Sylvain-Occitanie,29,Unflaired/Unknown,0
2023-10,IbnEzra613,28,Diaspora Jew,48
2023-10,RealBrookeSchwartz,28,Diaspora Jew,0
2023-10,EmperorChaos,26,Diaspora Lebanese,0
2023-10,Cool_Firefighter7731,26,Unflaired/Unknown,0
2023-10,gilad_ironi,25,Unflaired/Unknown,2
2023-10,Difficult_Swing_5112,25,Unflaired/Unknown,1
2023-10,Shachar2like,25,Unflaired/Unknown,0
2023-11,LevantinePlantCult,134,Unflaired/Unknown,20
2023-11,levnon14,67,Diaspora Lebanese,0
2023-11,DevelopmentMediocre6,52,Unflaired/Unknown,2
2023-11,_Its_britneybitch_,50,Unflaired/Unknown,0
2023-11,simpleman9006,45,Unflaired/Unknown,3
2023-11,astartre,40,Diaspora Lebanese,0
2023-11,Confident-Mud-5218,39,Unflaired/Unknown,0
2023-11,kartoshkiflitz,34,Israeli,1
2023-11,yesmilady,34,Israeli,0
2023-11,Cool_Firefighter7731,34,Unflaired/Unknown,0
2023-11,gilad_ironi,32,Unflaired/Unknown,2
2023-11,GrandStructure2410,32,Diaspora Lebanese,0
2023-11,rdiol12,32,Unflaired/Unknown,0
2023-11,Chadrab,31,Unflaired/Unknown,0
2023-11,SqueegeeLuigi,30,Unflaired/Unknown,10
2023-11,Red-HawkEye,29,Lebanese,0
2023-11,extrastone,28,Israeli,1
2023-11,FriendlyJewThrowaway,27,Diaspora Jew,0
2023-11,SHworld,26,Unflaired/Unknown,2
2023-11,whoopercheesie,26,Diaspora Jew,0
2023-12,levnon14,138,Diaspora Lebanese,0
2023-12,victoryismind,75,Lebanese,3
2023-12,LevantinePlantCult,68,Unflaired/Unknown,20
2023-12,Butas_Anadir,55,Unflaired/Unknown,0
2023-12,DevelopmentMediocre6,52,Unflaired/Unknown,2
2023-12,astartre,42,Diaspora Lebanese,0
2023-12,simpleman9006,37,Unflaired/Unknown,3
2023-12,IbnEzra613,35,Diaspora Jew,48
2023-12,Ok_Pangolin_4875,33,Unflaired/Unknown,0
2023-12,Previous-Border3774,29,Unflaired/Unknown,0
2023-12,audislove10,29,Unflaired/Unknown,0
2023-12,EmperorChaos,27,Diaspora Lebanese,0
2023-12,sumostuff,26,Unflaired/Unknown,1
2023-12,Apprehensive_Ant8034,25,Lebanese,0
2023-12,Israeli1996,25,Unflaired/Unknown,0
2023-12,just_a_dumb_person_,24,Israeli,1
2023-12,GrandStructure2410,22,Diaspora Lebanese,0
2023-12,Own-Extension1315,21,Unflaired/Unknown,0
2023-12,No-Butterscotch-5782,20,Unflaired/Unknown,0
2023-12,oghdi,17,Unflaired/Unknown,1
2024-01,levnon14,92,Diaspora Lebanese,0
2024-01,Sr4f,84,Diaspora Lebanese,0
2024-01,Used_Shelter_7931,53,Unflaired/Unknown,0
2024-01,Apprehensive_Ant8034,52,Lebanese,0
2024-01,Reasonable_Wolf1883,50,Israeli,2
2024-01,sad-frogpepe,49,Israeli,1
2024-01,Prudent-Repeat4786,46,Unflaired/Unknown,0
2024-01,Haunting_Birthday135,41,Israeli,7
2024-01,i-d-even-k-,38,Unflaired/Unknown,0
2024-01,Correct-Praline-2312,37,Unflaired/Unknown,0
2024-01,simpleman9006,36,Unflaired/Unknown,3
2024-01,victoryismind,33,Lebanese,3
2024-01,Special-Key-6578,33,Unflaired/Unknown,0
2024-01,SqueegeeLuigi,32,Unflaired/Unknown,10
2024-01,EquivalentBarracuda4,31,Unflaired/Unknown,1
2024-01,MajorTechnology8827,30,Israeli,11
2024-01,Cocky-Bastard,29,Israeli,1
2024-01,Enough_Youth_4564,28,Unflaired/Unknown,0
2024-01,Drextler-,27,Diaspora Lebanese,0
2024-01,LevantinePlantCult,26,Unflaired/Unknown,20
2024-02,Substantial-Pen-6984,168,Unflaired/Unknown,0
2024-02,Haunting_Ad_5368,71,Unflaired/Unknown,0
2024-02,porn0f1sh,56,Unflaired/Unknown,5
2024-02,victoryismind,47,Lebanese,3
2024-02,HypnoticName,46,Israeli,0
2024-02,Impressive-Fun-364,45,Israeli,5
2024-02,levnon14,43,Diaspora Lebanese,0
2024-02,Sr4f,42,Diaspora Lebanese,0
2024-02,sacablush,35,Unflaired/Unknown,0
2024-02,Apprehensive_Ant8034,34,Lebanese,0
2024-02,High_Order47,32,Unflaired/Unknown,0
2024-02,EmperorChaos,32,Diaspora Lebanese,0
2024-02,Ezraah,28,Unflaired/Unknown,0
2024-02,Haunting_Birthday135,27,Israeli,7
2024-02,Nihilamealienum,26,Unflaired/Unknown,0
2024-02,kartoshkiflitz,24,Israeli,1
2024-02,doctorkanefsky,24,Unflaired/Unknown,0
2024-02,EquivalentBarracuda4,23,Unflaired/Unknown,1
2024-02,bailing_in,23,Unflaired/Unknown,0
2024-02,Low_Party_3163,23,Diaspora Israeli,0
2024-03,MajorTechnology8827,50,Israeli,11
2024-03,Cocky-Bastard,50,Israeli,1
2024-03,levnon14,47,Diaspora Lebanese,0
2024-03,Sr4f,38,Diaspora Lebanese,0
2024-03,flippant9,34,Israeli,3
2024-03,Impressive-Fun-364,31,Israeli,5
2024-03,Impressive_Winner_56,26,Unflaired/Unknown,0
2024-03,sad-frogpepe,21,Israeli,1
2024-03,Tough_Stay_9207,19,Unflaired/Unknown,0
2024-03,WorldsShortestElf,18,Unflaired/Unknown,8
2024-03,Queasy_Ad_7297,18,Diaspora Jew,0
2024-03,OkMud7664,17,Unflaired/Unknown,0
2024-03,Tariq_Epstein,16,Unflaired/Unknown,4
2024-03,the3dverse,16,Israeli,1
2024-03,bailing_in,16,Unflaired/Unknown,0
2024-03,ApprehensiveTour8602,15,Israeli,2
2024-03,i-d-even-k-,15,Unflaired/Unknown,0
2024-03,Substance_Bubbly,14,Israeli,1
2024-03,Apprehensive_Ant8034,14,Lebanese,0
2024-03,LevantinePlantCult,13,Unflaired/Unknown,20
2024-04,Impressive_Winner_56,117,Unflaired/Unknown,0
2024-04,levnon14,96,Diaspora Lebanese,0
2024-04,Significant_Corgi354,85,Diaspora Lebanese,0
2024-04,Efficient_Wallaby144,54,Unflaired/Unknown,1
2024-04,victoryismind,51,Lebanese,3
2024-04,Least-Implement-3319,40,Diaspora Jew,0
2024-04,Standard-Toe9113,36,Unflaired/Unknown,18
2024-04,MajorTechnology8827,36,Israeli,11
2024-04,sad-frogpepe,32,Israeli,1
2024-04,Sr4f,31,Diaspora Lebanese,0
2024-04,Glittering-Pear-2470,29,Unflaired/Unknown,2
2024-04,Crumbrella,29,Unflaired/Unknown,0
2024-04,hairydeepvoice,27,Unflaired/Unknown,0
2024-04,Purple-Examination69,25,Unflaired/Unknown,0
2024-04,WorldsShortestElf,23,Unflaired/Unknown,8
2024-04,kemicel,20,Unflaired/Unknown,5
2024-04,the3dverse,20,Israeli,1
2024-04,GuavaFuture,20,Diaspora Lebanese,0
2024-04,EquivalentBarracuda4,19,Unflaired/Unknown,1
2024-04,murakamidiver,19,Unflaired/Unknown,0
2024-05,Impressive_Winner_56,102,Unflaired/Unknown,0
2024-05,sad-frogpepe,42,Israeli,1
2024-05,EmperorChaos,42,Diaspora Lebanese,0
2024-05,levnon14,37,Diaspora Lebanese,0
2024-05,LevantinePlantCult,34,Unflaired/Unknown,20
2024-05,allum1na4ed,31,Unflaired/Unknown,0
2024-05,EquivalentBarracuda4,29,Unflaired/Unknown,1
2024-05,JellyfishHot1635,27,Unflaired/Unknown,0
2024-05,Glittering-Pear-2470,25,Unflaired/Unknown,2
2024-05,Efficient_Wallaby144,22,Unflaired/Unknown,1
2024-05,[deleted],20,Unflaired/Unknown,16
2024-05,MajorTechnology8827,19,Israeli,11
2024-05,YouSh23,19,Israeli,2
2024-05,Synth_Sapiens,18,Israeli,3
2024-05,muffinpercent,18,Israeli,1
2024-05,sacablush,18,Unflaired/Unknown,0
2024-05,GuavaFuture,18,Diaspora Lebanese,0
2024-05,Prince_Kebaboni,16,Israeli,5
2024-05,nchehab,16,Unflaired/Unknown,0
2024-05,Significant_Corgi354,16,Diaspora Lebanese,0
2024-06,Synth_Sapiens,142,Israeli,3
2024-06,Antique-Ad-2618,130,Unflaired/Unknown,0
2024-06,LevantinePlantCult,118,Unflaired/Unknown,20
2024-06,levnon14,117,Diaspora Lebanese,0
2024-06,HerbNPaper,100,Unflaired/Unknown,0
2024-06,Finaltryer,99,Unflaired/Unknown,0
2024-06,allum1na4ed,83,Unflaired/Unknown,0
2024-06,[deleted],77,Unflaired/Unknown,16
2024-06,EmperorChaos,75,Diaspora Lebanese,0
2024-06,MajorTechnology8827,70,Israeli,11
2024-06,victoryismind,68,Lebanese,3
2024-06,sad-frogpepe,48,Israeli,1
2024-06,Sr4f,43,Diaspora Lebanese,0
2024-06,Someoneelse000005,42,Unflaired/Unknown,0
2024-06,captain-shawarma,39,Diaspora Lebanese,1
2024-06,simpleman9006,38,Unflaired/Unknown,3
2024-06,Playful-Leather6064,36,Unflaired/Unknown,0
2024-06,Reasonable_Wolf1883,35,Israeli,2
2024-06,Glad-Difference-3238,34,Lebanese,0
2024-06,EternalII,34,Unflaired/Unknown,0
2024-07,Narrow_Pumpkin5948,72,Unflaired/Unknown,0
2024-07,levnon14,64,Diaspora Lebanese,0
2024-07,LevantinePlantCult,61,Unflaired/Unknown,20
2024-07,this__chemist,57,Lebanese,0
2024-07,Synth_Sapiens,47,Israeli,3
2024-07,EquivalentBarracuda4,47,Unflaired/Unknown,1
2024-07,cha3bghachim,39,Lebanese,0
2024-07,allum1na4ed,38,Unflaired/Unknown,0
2024-07,victoryismind,36,Lebanese,3
2024-07,YouSh23,35,Israeli,2
2024-07,Sr4f,32,Diaspora Lebanese,0
2024-07,Glad-Difference-3238,32,Lebanese,0
2024-07,[deleted],30,Unflaired/Unknown,16
2024-07,Furbyenthusiast,29,Unflaired/Unknown,0
2024-07,CruntyMcNugget,27,Israeli,7
2024-07,DevelopmentMediocre6,27,Unflaired/Unknown,2
2024-07,theodd2out,26,Israeli,2
2024-07,Prince_Kebaboni,24,Israeli,5
2024-07,ForbiddenBromance-ModTeam,24,Unflaired/Unknown,0
2024-07,Yojik101,23,Unflaired/Unknown,6
2024-08,victoryismind,168,Lebanese,3
2024-08,levnon14,142,Diaspora Lebanese,0
2024-08,Glad-Difference-3238,105,Lebanese,0
2024-08,Flashy_Produce_3733,77,Unflaired/Unknown,0
2024-08,yannylaurel0,76,Lebanese,0
2024-08,Sr4f,73,Diaspora Lebanese,0
2024-08,Curious_Diver1005,57,Israeli,0
2024-08,EmperorChaos,47,Diaspora Lebanese,0
2024-08,cha3bghachim,45,Lebanese,0
2024-08,Zealousideal_Hurry97,42,Unflaired/Unknown,1
2024-08,Reasonable_Wolf1883,33,Israeli,2
2024-08,StillOdd1132,32,Unflaired/Unknown,0
2024-08,[deleted],31,Unflaired/Unknown,16
2024-08,InitialLiving6956,31,Unflaired/Unknown,0
2024-08,LevantinePlantCult,27,Unflaired/Unknown,20
2024-08,EquivalentBarracuda4,25,Unflaired/Unknown,1
2024-08,captain-shawarma,25,Diaspora Lebanese,1
2024-08,Lonely_Passion9413,25,Unflaired/Unknown,0
2024-08,SanchoGuwen,25,Unflaired/Unknown,0
2024-08,sumostuff,23,Unflaired/Unknown,1
2024-09,cha3bghachim,194,Lebanese,0
2024-09,victoryismind,185,Lebanese,3
2024-09,levnon14,139,Diaspora Lebanese,0
2024-09,LevantinePlantCult,138,Unflaired/Unknown,20
2024-09,MajorTechnology8827,116,Israeli,11
2024-09,Israelidru,109,Israeli,2
2024-09,OptimismNeeded,103,Israeli,7
2024-09,tFighterPilot,92,Israeli,2
2024-09,freedomlegion,87,Unflaired/Unknown,3
2024-09,Tacidvurn,86,Lebanese,0
2024-09,Curious_Diver1005,78,Israeli,0
2024-09,[deleted],76,Unflaired/Unknown,16
2024-09,MuskyScent972,75,Unflaired/Unknown,8
2024-09,Reasonable_Wolf1883,72,Israeli,2
2024-09,PlukvdPetteflet,64,Unflaired/Unknown,2
2024-09,thatbuddzguy,63,Unflaired/Unknown,1
2024-09,EquivalentBarracuda4,61,Unflaired/Unknown,1
2024-09,62TiredOfLiving,58,Unflaired/Unknown,0
2024-09,Glad-Difference-3238,58,Lebanese,0
2024-09,AnybodyGlittering743,58,Unflaired/Unknown,0
2024-10,Current-Meal9360,284,Lebanese,0
2024-10,victoryismind,222,Lebanese,3
2024-10,cha3bghachim,195,Lebanese,0
2024-10,OptimismNeeded,172,Israeli,7
2024-10,Anonymous-Balls,101,Palestinian,0
2024-10,[deleted],100,Unflaired/Unknown,16
2024-10,Glad-Difference-3238,75,Lebanese,0
2024-10,AdVivid8910,72,Unflaired/Unknown,0
2024-10,62TiredOfLiving,71,Unflaired/Unknown,0
2024-10,MuskyScent972,70,Unflaired/Unknown,8
2024-10,LevantinePlantCult,67,Unflaired/Unknown,20
2024-10,No-Mathematician5020,65,Diaspora Israeli,3
2024-10,MajorTechnology8827,62,Israeli,11
2024-10,Mobile-Field-5684,62,Unflaired/Unknown,0
2024-10,Basic_Suggestion3476,59,Israeli,6
2024-10,Rude_Boy_15,58,Unflaired/Unknown,0
2024-10,Shachar2like,55,Unflaired/Unknown,0
2024-10,ForbiddenBromance-ModTeam,51,Unflaired/Unknown,0
2024-10,Disastrous_Forces_69,48,Unflaired/Unknown,0
2024-10,AutoModerator,48,Unflaired/Unknown,0
2024-11,victoryismind,169,Lebanese,3
2024-11,price_of_sleep,138,Unflaired/Unknown,0
2024-11,Shachar2like,63,Unflaired/Unknown,0
2024-11,LevantinePlantCult,61,Unflaired/Unknown,20
2024-11,MuskyScent972,56,Unflaired/Unknown,8
2024-11,cha3bghachim,55,Lebanese,0
2024-11,Low-Efficiency7660,54,Unflaired/Unknown,0
2024-11,OptimismNeeded,46,Israeli,7
2024-11,[deleted],45,Unflaired/Unknown,16
2024-11,Current-Meal9360,37,Lebanese,0
2024-11,HummusSwipper,36,Unflaired/Unknown,0
2024-11,Weekly-Space3770,36,Unflaired/Unknown,0
2024-11,SmartTrash7152,34,Unflaired/Unknown,1
2024-11,ForbiddenBromance-ModTeam,34,Unflaired/Unknown,0
2024-11,Both-Entertainment-3,30,Israeli,1
2024-11,Flashy_Produce_3733,30,Unflaired/Unknown,0
2024-11,porn0f1sh,28,Unflaired/Unknown,5
2024-11,joeyleq,28,Unflaired/Unknown,3
2024-11,tudorcat,28,Israeli,1
2024-11,62TiredOfLiving,28,Unflaired/Unknown,0
2024-12,Agreeable-Message-16,118,Lebanese,1
2024-12,price_of_sleep,95,Unflaired/Unknown,0
2024-12,OmarHamami,75,Unflaired/Unknown,0
2024-12,MuskyScent972,69,Unflaired/Unknown,8
2024-12,[deleted],53,Unflaired/Unknown,16
2024-12,porn0f1sh,52,Unflaired/Unknown,5
2024-12,Able_Calligrapher958,52,Unflaired/Unknown,0
2024-12,LevantinePlantCult,50,Unflaired/Unknown,20
2024-12,OptimismNeeded,49,Israeli,7
2024-12,OliveWhisperer,43,Diaspora Lebanese,0
2024-12,victoryismind,42,Lebanese,3
2024-12,ForbiddenBromance-ModTeam,40,Unflaired/Unknown,0
2024-12,freedomlegion,33,Unflaired/Unknown,3
2024-12,joeyleq,33,Unflaired/Unknown,3
2024-12,IbnEzra613,32,Diaspora Jew,48
2024-12,Impressive-Rub529,30,Israeli,1
2024-12,Shachar2like,30,Unflaired/Unknown,0
2024-12,Cool_Firefighter7731,29,Unflaired/Unknown,0
2024-12,GeneralGerbilovsky,28,Israeli,4
2024-12,Both-Entertainment-3,25,Israeli,1
2025-01,Agreeable-Message-16,103,Lebanese,1
2025-01,InitialLiving6956,97,Unflaired/Unknown,0
2025-01,OptimismNeeded,32,Israeli,7
2025-01,imjust_areader245,29,Israeli,6
2025-01,victoryismind,27,Lebanese,3
2025-01,freedomlegion,26,Unflaired/Unknown,3
2025-01,GeneralGerbilovsky,25,Israeli,4
2025-01,LevantinePlantCult,23,Unflaired/Unknown,20
2025-01,[deleted],20,Unflaired/Unknown,16
2025-01,Impressive-Rub529,20,Israeli,1
2025-01,MajorTechnology8827,19,Israeli,11
2025-01,MuskyScent972,19,Unflaired/Unknown,8
2025-01,Glad-Difference-3238,19,Lebanese,0
2025-01,kulamsharloot,18,Israeli,6
2025-01,FunkGetsStrongerPt1,17,Diaspora Lebanese,0
2025-01,IbnEzra613,16,Diaspora Jew,48
2025-01,bam1007,16,Diaspora Jew,4
2025-01,Current-Meal9360,15,Lebanese,0
2025-01,EternalII,15,Unflaired/Unknown,0
2025-01,porn0f1sh,13,Unflaired/Unknown,5
2025-02,joeyleq,79,Unflaired/Unknown,3
2025-02,Agreeable-Message-16,58,Lebanese,1
2025-02,thinkingmindin1984,46,Unflaired/Unknown,0
2025-02,Glad-Difference-3238,29,Lebanese,0
2025-02,FunkGetsStrongerPt1,29,Diaspora Lebanese,0
2025-02,CriticalJellyfish207,27,Unflaired/Unknown,0
2025-02,[deleted],17,Unflaired/Unknown,16
2025-02,Royakushka,17,Unflaired/Unknown,1
2025-02,ecw3Eng,16,Unflaired/Unknown,0
2025-02,kulamsharloot,14,Israeli,6
2025-02,cha3bghachim,14,Lebanese,0
2025-02,CruntyMcNugget,13,Israeli,7
2025-02,JennonPennon,12,Iraqi,0
2025-02,sumostuff,11,Unflaired/Unknown,1
2025-02,thesalukie,11,Unflaired/Unknown,0
2025-02,EmperorChaos,11,Diaspora Lebanese,0
2025-02,IbnEzra613,10,Diaspora Jew,48
2025-02,OptimismNeeded,10,Israeli,7
2025-02,Liavskii,10,Israeli,4
2025-02,Shternio,10,Israeli,1
2025-03,CriticalJellyfish207,221,Unflaired/Unknown,0
2025-03,SmartTrash7152,102,Unflaired/Unknown,1
2025-03,victoryismind,62,Lebanese,3
2025-03,joeyleq,53,Unflaired/Unknown,3
2025-03,[deleted],48,Unflaired/Unknown,16
2025-03,aiapihud,46,Unflaired/Unknown,0
2025-03,OptimismNeeded,44,Israeli,7
2025-03,kulamsharloot,44,Israeli,6
2025-03,LevantinePlantCult,37,Unflaired/Unknown,20
2025-03,LebnaniandProud,35,Unflaired/Unknown,1
2025-03,OmarHamami,35,Unflaired/Unknown,0
2025-03,FunkGetsStrongerPt1,33,Diaspora Lebanese,0
2025-03,Cannot-Forget,29,Unflaired/Unknown,0
2025-03,Agreeable-Message-16,28,Lebanese,1
2025-03,InitialLiving6956,27,Unflaired/Unknown,0
2025-03,Agitated-Quit-6148,25,Unflaired/Unknown,8
2025-03,JennonPennon,22,Iraqi,0
2025-03,PineappleKey1608,20,Unflaired/Unknown,1
2025-03,Glad-Difference-3238,20,Lebanese,0
2025-03,thinkingmindin1984,20,Unflaired/Unknown,0
2025-04,[deleted],43,Unflaired/Unknown,16
2025-04,kulamsharloot,31,Israeli,6
2025-04,LebnaniandProud,30,Unflaired/Unknown,1
2025-04,Sad-Exam-9942,26,Lebanese,0
2025-04,joeyleq,22,Unflaired/Unknown,3
2025-04,Liavskii,21,Israeli,4
2025-04,gymbro_arb,20,Unflaired/Unknown,0
2025-04,Shternio,16,Israeli,1
2025-04,Glad-Difference-3238,16,Lebanese,0
2025-04,ForbiddenBromance-ModTeam,16,Unflaired/Unknown,0
2025-04,Cannot-Forget,15,Unflaired/Unknown,0
2025-04,Patient-Street-4681,15,Syrian,0
2025-04,SeeShark,14,Diaspora Israeli,5
2025-04,bakochba,14,Unflaired/Unknown,0
2025-04,Cool_Firefighter7731,14,Unflaired/Unknown,0
2025-04,victoryismind,13,Lebanese,3
2025-04,bam1007,12,Diaspora Jew,4
2025-04,podba,12,Unflaired/Unknown,1
2025-04,Agitated-Quit-6148,11,Unflaired/Unknown,8
2025-04,raaly123,10,Israeli,3
2025-05,WebFar9897,60,Unflaired/Unknown,0
2025-05,BetPretty8953,31,Unflaired/Unknown,0
2025-05,kulamsharloot,27,Israeli,6
2025-05,Both-Entertainment-3,27,Israeli,1
2025-05,ForbiddenBromance-ModTeam,27,Unflaired/Unknown,0
2025-05,Cannot-Forget,26,Unflaired/Unknown,0
2025-05,[deleted],25,Unflaired/Unknown,16
2025-05,Shternio,19,Israeli,1
2025-05,Fearless-Ad4531,16,Unflaired/Unknown,0
2025-05,LoFi_Skeleton,14,Unflaired/Unknown,3
2025-05,YogurtclosetOpen3567,14,Unflaired/Unknown,0
2025-05,luvKFCluvMaccies,14,Unflaired/Unknown,0
2025-05,bakochba,14,Unflaired/Unknown,0
2025-05,Cool_Firefighter7731,14,Unflaired/Unknown,0
2025-05,SeeShark,13,Diaspora Israeli,5
2025-05,fattoush_republic,13,Unflaired/Unknown,0
2025-05,Patient-Street-4681,12,Syrian,0
2025-05,Glad-Difference-3238,11,Lebanese,0
2025-05,IbnEzra613,10,Diaspora Jew,48
2025-05,RoyalSeraph,10,Diaspora Israeli,14
2025-06,WebFar9897,45,Unflaired/Unknown,0
2025-06,ForbiddenBromance-ModTeam,43,Unflaired/Unknown,0
2025-06,[deleted],39,Unflaired/Unknown,16
2025-06,Ornery-Simple-4894,29,Unflaired/Unknown,0
2025-06,BetPretty8953,22,Unflaired/Unknown,0
2025-06,Fast-Budget8977,20,Unflaired/Unknown,0
2025-06,joeyleq,19,Unflaired/Unknown,3
2025-06,SeeShark,18,Diaspora Israeli,5
2025-06,HonestSpursFan,17,Unflaired/Unknown,0
2025-06,MajorTechnology8827,16,Israeli,11
2025-06,Histrix-,13,Israeli,0
2025-06,CounterExtension1820,13,Unflaired/Unknown,0
2025-06,fattoush_republic,12,Unflaired/Unknown,0
2025-06,Fearless-Ad4531,12,Unflaired/Unknown,0
2025-06,kulamsharloot,11,Israeli,6
2025-06,Liavskii,11,Israeli,4
2025-06,LLFauntelroy,11,Israeli,1
2025-06,Cannot-Forget,11,Unflaired/Unknown,0
2025-06,Expert_Shine7387,11,Unflaired/Unknown,0
2025-06,Strange-Character724,11,Unflaired/Unknown,0
2025-07,Lovelynshh,34,Arab,0
2025-07,kulamsharloot,30,Israeli,6
2025-07,Fast-Budget8977,28,Unflaired/Unknown,0
2025-07,Apprehensive_Ant8034,23,Lebanese,0
2025-07,[deleted],21,Unflaired/Unknown,16
2025-07,victoryismind,20,Lebanese,3
2025-07,Patient-Street-4681,20,Syrian,0
2025-07,MajorTechnology8827,17,Israeli,11
2025-07,SeeShark,17,Diaspora Israeli,5
2025-07,Glad-Difference-3238,17,Lebanese,0
2025-07,ForbiddenBromance-ModTeam,17,Unflaired/Unknown,0
2025-07,LLFauntelroy,15,Israeli,1
2025-07,InitialLiving6956,15,Unflaired/Unknown,0
2025-07,Cannot-Forget,15,Unflaired/Unknown,0
2025-07,FunkGetsStrongerPt1,15,Diaspora Lebanese,0
2025-07,Thangorodrim961,14,Lebanese,0
2025-07,rams0008,14,Diaspora Lebanese,0
2025-07,joeyleq,12,Unflaired/Unknown,3
2025-07,WebFar9897,12,Unflaired/Unknown,0
2025-07,poopintheyoghurt,11,Unflaired/Unknown,4
2025-08,victoryismind,99,Lebanese,3
2025-08,Mainstream_millo,50,Israeli,2
2025-08,MajorTechnology8827,32,Israeli,11
2025-08,orangecyanide,31,Unflaired/Unknown,0
2025-08,[deleted],27,Unflaired/Unknown,16
2025-08,kulamsharloot,26,Israeli,6
2025-08,HappyChillss,26,Unflaired/Unknown,0
2025-08,DistributionIll2125,26,Unflaired/Unknown,0
2025-08,ForbiddenBromance-ModTeam,25,Unflaired/Unknown,0
2025-08,Significant_Corgi354,21,Diaspora Lebanese,0
2025-08,Efficient_Wallaby144,20,Unflaired/Unknown,1
2025-08,turtleshot19147,19,Israeli,0
2025-08,JennonPennon,18,Iraqi,0
2025-08,Patient-Street-4681,17,Syrian,0
2025-08,the3dverse,16,Israeli,1
2025-08,ConnorStreetmann,15,Unflaired/Unknown,0
2025-08,Marisa_Nya,14,Unflaired/Unknown,0
2025-08,CruntyMcNugget,13,Israeli,7
2025-08,Careful-Cap-644,13,Unflaired/Unknown,0
2025-08,Individual-Good3015,13,Unflaired/Unknown,0
2025-09,victoryismind,72,Lebanese,3
2025-09,joeyleq,29,Unflaired/Unknown,3
2025-09,Patient-Street-4681,23,Syrian,0
2025-09,[deleted],20,Unflaired/Unknown,16
2025-09,Odd_Recognition6934,19,Unflaired/Unknown,0
2025-09,Suitable_Vehicle9960,15,Diaspora Israeli,1
2025-09,WebFar9897,15,Unflaired/Unknown,0
2025-09,ForbiddenBromance-ModTeam,13,Unflaired/Unknown,0
2025-09,Feisty_Reply_6570,13,Israeli,0
2025-09,kulamsharloot,12,Israeli,6
2025-09,JennonPennon,12,Iraqi,0
2025-09,Shachar2like,9,Unflaired/Unknown,0
2025-09,dan2737,9,Israeli,0
2025-09,Fearless-Ad4531,9,Unflaired/Unknown,0
2025-09,Jojo_Toto,8,Diaspora Jew,0
2025-09,Ataurdun,8,Jordanian,0
2025-09,RevolutionaryLoan360,7,Unflaired/Unknown,0
2025-09,DistributionIll2125,7,Unflaired/Unknown,0
2025-09,Suckamanhwewhuuut,7,Unflaired/Unknown,0
2025-09,assatumcaulfield,7,Unflaired/Unknown,0
2025-10,victoryismind,131,Lebanese,3
2025-10,fattoush_republic,43,Unflaired/Unknown,0
2025-10,kulamsharloot,35,Israeli,6
2025-10,ConnorStreetmann,35,Unflaired/Unknown,0
2025-10,Ataurdun,20,Jordanian,0
2025-10,[deleted],17,Unflaired/Unknown,16
2025-10,orangecyanide,16,Unflaired/Unknown,0
2025-10,DRZyeg,16,Unflaired/Unknown,0
2025-10,IbnEzra613,14,Diaspora Jew,48
2025-10,SmartTrash7152,14,Unflaired/Unknown,1
2025-10,EconomistUnfair9801,12,Unflaired/Unknown,0
2025-10,ForbiddenBromance-ModTeam,12,Unflaired/Unknown,0
2025-10,Agitated-Quit-6148,11,Unflaired/Unknown,8
2025-10,Shachar2like,11,Unflaired/Unknown,0
2025-10,GeneralGerbilovsky,10,Israeli,4
2025-10,Fly-almighty945,10,Unflaired/Unknown,0
2025-10,daniel_ctaw7,10,Jordanian,0
2025-10,candyangel16,9,Unflaired/Unknown,0
2025-10,Klayhamn,9,Unflaired/Unknown,0
2025-10,Low-Layer7281,9,Israeli,0
2025-11,victoryismind,91,Lebanese,3
2025-11,orangecyanide,35,Unflaired/Unknown,0
2025-11,Klayhamn,33,Unflaired/Unknown,0
2025-11,fattoush_republic,31,Unflaired/Unknown,0
2025-11,Canterea,28,Unflaired/Unknown,23
2025-11,geshemkarpuzim,27,Unflaired/Unknown,32
2025-11,ConnorStreetmann,22,Unflaired/Unknown,0
2025-11,pornchavo,20,Unflaired/Unknown,0
2025-11,Femme_fatale446,18,Unflaired/Unknown,0
2025-11,SphinxieBoy,14,Unflaired/Unknown,0
2025-11,luvKFCluvMaccies,13,Unflaired/Unknown,0
2025-11,LLFauntelroy,11,Israeli,1
2025-11,Glum_Dimension4866,10,Unflaired/Unknown,0
2025-11,[deleted],9,Unflaired/Unknown,16
2025-11,BenShelZonah,9,Unflaired/Unknown,2
2025-11,ReasonableBet2617,9,Unflaired/Unknown,0
2025-11,Agitated-Quit-6148,8,Unflaired/Unknown,8
2025-11,Efficient_Wallaby144,8,Unflaired/Unknown,1
2025-11,TallFriend275,8,Unflaired/Unknown,0
2025-11,CatlifeOfficial,7,Israeli,2
2025-12,victoryismind,101,Lebanese,3
2025-12,SecularSaladin,45,Unflaired/Unknown,0
2025-12,orangecyanide,35,Unflaired/Unknown,0
2025-12,ConnorStreetmann,22,Unflaired/Unknown,0
2025-12,LLFauntelroy,18,Israeli,1
2025-12,Feisty_Reply_6570,17,Israeli,0
2025-12,candyangel16,14,Unflaired/Unknown,0
2025-12,Mysterious-Part-340,14,Unflaired/Unknown,0
2025-12,Fun_Designer2640,14,Israeli,0
2025-12,sumostuff,13,Unflaired/Unknown,1
2025-12,BigMidnight7876,12,Unflaired/Unknown,0
2025-12,Femme_fatale446,12,Unflaired/Unknown,0
2025-12,[deleted],11,Unflaired/Unknown,16
2025-12,Liavskii,11,Israeli,4
2025-12,bam1007,11,Diaspora Jew,4
2025-12,Suitable_Vehicle9960,11,Diaspora Israeli,1
2025-12,Racccpoon,11,Israeli,0
2025-12,adeadhead,11,Unflaired/Unknown,0
2025-12,isaacfisher,10,Israeli,8
2025-12,YuvalAlmog,10,Israeli,1
2026-01,victoryismind,46,Lebanese,3
2026-01,orangecyanide,26,Unflaired/Unknown,0
2026-01,Reisner1040tax,22,Unflaired/Unknown,0
2026-01,TieNo8188,20,Unflaired/Unknown,0
2026-01,fattoush_republic,14,Unflaired/Unknown,0
2026-01,FunkGetsStrongerPt1,12,Diaspora Lebanese,0
2026-01,Racccpoon,10,Israeli,0
2026-01,the3dverse,8,Israeli,1
2026-01,Agitated-War3103,8,Unflaired/Unknown,0
2026-01,IbnEzra613,7,Diaspora Jew,48
2026-01,[deleted],7,Unflaired/Unknown,16
2026-01,Weird_Back1503,7,Unflaired/Unknown,0
2026-01,Ok-Entrance5219,7,Unflaired/Unknown,0
2026-01,MerylGayHarden,7,Unflaired/Unknown,0
2026-01,UsedRestaurant4802,7,Unflaired/Unknown,0
2026-01,scarlettvvitch,6,Diaspora Israeli,0
2026-01,supreme_pisces,6,Unflaired/Unknown,0
2026-01,AntFun6695,6,Unflaired/Unknown,0
2026-01,SmartTrash7152,5,Unflaired/Unknown,1
2026-01,YuvalAlmog,5,Israeli,1
2026-02,Ready-Raise-7480,40,Unflaired/Unknown,0
2026-02,victoryismind,37,Lebanese,3
2026-02,Wise_Parmaria,33,Unflaired/Unknown,0
2026-02,orangecyanide,21,Unflaired/Unknown,0
2026-02,[deleted],19,Unflaired/Unknown,16
2026-02,joeyleq,18,Unflaired/Unknown,3
2026-02,WebFar9897,16,Unflaired/Unknown,0
2026-02,Significant_Rush2922,13,Unflaired/Unknown,0
2026-02,wild_valley,12,Jordanian,0
2026-02,YuvalAlmog,11,Israeli,1
2026-02,ScumBunnyEx,8,Unflaired/Unknown,2
2026-02,ForbiddenBromance-ModTeam,8,Unflaired/Unknown,0
2026-02,Material-Sale-8961,8,Unflaired/Unknown,0
2026-02,fattoush_republic,7,Unflaired/Unknown,0
2026-02,UsedRestaurant4802,7,Unflaired/Unknown,0
2026-02,LevantinePlantCult,6,Unflaired/Unknown,20
2026-02,Fun_Designer2640,6,Israeli,0
2026-02,Potential-Arugulas,6,Unflaired/Unknown,0
2026-02,Nihilamealienum,5,Unflaired/Unknown,0
2026-02,candyangel16,5,Unflaired/Unknown,0
2026-03,victoryismind,101,Lebanese,3
2026-03,Suitable_Vehicle9960,58,Diaspora Israeli,1
2026-03,Wise_Parmaria,55,Unflaired/Unknown,0
2026-03,KinoOnTheRoad,37,Unflaired/Unknown,0
2026-03,62TiredOfLiving,34,Unflaired/Unknown,0
2026-03,Emergency_Load1205,32,Unflaired/Unknown,0
2026-03,orangecyanide,28,Unflaired/Unknown,0
2026-03,Ready-Raise-7480,25,Unflaired/Unknown,0
2026-03,Current-Meal9360,21,Lebanese,0
2026-03,DrFly15,20,Diaspora Israeli,0
2026-03,lucks1234,15,Unflaired/Unknown,1
2026-03,Otherwise-Zebra8565,15,Unflaired/Unknown,0
2026-03,oshaboy,14,Unflaired/Unknown,2
2026-03,TGPapyrus,14,Israeli,0
2026-03,Impressive-Rub529,13,Israeli,1
2026-03,cha3bghachim,13,Lebanese,0
2026-03,wild_valley,13,Jordanian,0
2026-03,LevantinePlantCult,12,Unflaired/Unknown,20
2026-03,SmartTrash7152,11,Unflaired/Unknown,1
2026-03,the3dverse,11,Israeli,1
