author,all_posts,all_comments,all_total,active_subreddits,top_subreddits,first_seen_utc,last_seen_utc,fb_posts,fb_comments,fb_total,fb_top_flair,fb_hebrew_items,outside_forbidden_bromance_posts,outside_forbidden_bromance_comments,outside_israel_related_comments,outside_lebanon_related_comments,outside_hebrew_items,fb_focus_ratio,manual_review_score,manual_review_reasons
EmperorChaos,19,14153,14172,101,lebanon:9820; ForbiddenBromance:962; worldnews:608; europe:411; canada:405; OnePiece:389; Israel:327; halo:206,1546579323,1773277166,2,960,962,Diaspora Lebanese,0,17,13193,327,9884,2,0.0679,60,claimed Lebanese flair merits closer consistency review; heavy outside activity in Israel-related subreddits; high-volume presence inside ForbiddenBromance; large outside Reddit history available for comparison
victoryismind,207,10294,10501,255,lebanon:3211; ForbiddenBromance:3145; photocritique:903; photography:400; UrbanHell:391; photographycirclejerk:267; linux:233; worldnews:211,1563105584,1773304597,74,3063,3137,Lebanese,3,133,7223,45,3195,2,0.2987,35,claimed Lebanese flair merits closer consistency review; high-volume presence inside ForbiddenBromance; large outside Reddit history available for comparison
cha3bghachim,172,3765,3937,29,lebanon:2011; ForbiddenBromance:1124; Lebanese:663; lebaneseatheists:39; Israel:25; lebanon_uncensored:16; lebanonmemes:16; MiddleEastAtheists:6,1567352720,1773083768,78,1046,1124,Lebanese,0,94,2719,26,2661,0,0.2855,35,claimed Lebanese flair merits closer consistency review; high-volume presence inside ForbiddenBromance; large outside Reddit history available for comparison
IbnEzra613,324,47324,47648,108,Judaism:22097; Israel:8339; hebrew:4710; IsraelPalestine:3557; Jewish:2782; Israel_Palestine:1493; ForbiddenBromance:903; learn_arabic:652,1546318006,1773164565,36,867,903,Diaspora Jew,48,288,46457,38766,6,2924,0.019,30,high Hebrew activity cluster; high-volume presence inside ForbiddenBromance; large outside Reddit history available for comparison
Tamtumtam,566,30573,31139,334,PoliticalCompassMemes:6184; ani_bm:5343; Israel:2436; HistoryMemes:1758; Jewdank:1398; PoliticalCompass:1177; vexillology:1010; Polcompball:793,1565079294,1664242243,8,457,465,Israeli,19,558,30116,9105,16,6598,0.0149,30,high Hebrew activity cluster; high-volume presence inside ForbiddenBromance; large outside Reddit history available for comparison
DaDerpyDude,864,5963,6827,185,Israel:1805; AskMiddleEast:1203; ForbiddenBromance:452; nba:423; worldnews:409; ani_bm:332; MapPorn:281; Judaism:236,1546381780,1773240316,74,378,452,Israeli,21,790,5585,2233,99,647,0.0662,30,high Hebrew activity cluster; high-volume presence inside ForbiddenBromance; large outside Reddit history available for comparison
levnon14,83,1151,1234,21,ForbiddenBromance:982; lebanon:79; federallebanon:58; Israel:39; NewIran:28; Lebanese:15; personalfinance:7; Assyria:5,1628790045,1727422173,64,918,982,Diaspora Lebanese,0,19,233,37,141,0,0.7958,25,claimed Lebanese flair merits closer consistency review; high-volume presence inside ForbiddenBromance
Glad-Difference-3238,31,1033,1064,38,ForbiddenBromance:474; lebanon:437; lebanesegirlies:39; 2mediterranean4u:27; 23andme:10; AskMiddleEast:9; cocktails:8; RunningShoeGeeks:6,1696868615,1760061813,6,468,474,Lebanese,0,25,565,1,470,1,0.4455,25,claimed Lebanese flair merits closer consistency review; high-volume presence inside ForbiddenBromance
Current-Meal9360,12,474,486,8,ForbiddenBromance:413; lebanon:51; lebanesegirlies:10; Funnymemes:7; lebaneseinfluencers:2; Palestinian_Violence:1; PromptEngineering:1; israel_bm:1,1727206234,1772741616,8,405,413,Lebanese,0,4,69,1,59,1,0.8498,25,claimed Lebanese flair merits closer consistency review; high-volume presence inside ForbiddenBromance
LevantinePlantCult,45,5402,5447,67,neoliberal:2257; ForbiddenBromance:944; Israel:514; 2ndYomKippurWar:308; Indiemakeupandmore:281; MultipleSclerosis:267; Judaism:194; metaNL:187,1671912955,1773274664,11,929,940,Unflaired/Unknown,20,34,4469,779,2,39,0.1726,20,high-volume presence inside ForbiddenBromance; large outside Reddit history available for comparison
FriendlyJewThrowaway,4,5695,5699,133,IsraelPalestine:1465; ForbiddenBromance:804; lebanon:675; singularity:596; worldnews:397; KanePixelsBackrooms:279; accelerate:142; Pomeranians:98,1592164795,1773297983,0,803,803,Diaspora Jew,0,4,4891,1519,674,0,0.1409,20,high-volume presence inside ForbiddenBromance; large outside Reddit history available for comparison
MajorTechnology8827,133,6931,7064,232,worldnews:914; 2mediterranean4u:908; NewIran:762; ForbiddenBromance:551; slaythespire:416; EnoughCommieSpam:390; thinkpad:361; ani_bm:317,1703275044,1772787130,19,532,551,Israeli,11,114,6399,434,8,446,0.078,20,high-volume presence inside ForbiddenBromance; large outside Reddit history available for comparison
OptimismNeeded,418,14450,14868,509,daddit:1010; OpenAI:896; hopeposting:614; SaaS:606; DunderMifflin:585; Anthropic:528; europe:462; ForbiddenBromance:456,1726605583,1773297065,27,429,456,Israeli,7,391,14021,4,114,5,0.0307,20,high-volume presence inside ForbiddenBromance; large outside Reddit history available for comparison
Basic_Suggestion3476,48,10865,10913,205,AskMiddleEast:4613; IsraelPalestine:1723; Israel_Palestine:1635; wow:480; ForbiddenBromance:363; Israel:334; warcraftlore:171; Stellaris:130,1619415626,1773290168,3,360,363,Israeli,6,45,10505,3909,11,249,0.0333,20,high-volume presence inside ForbiddenBromance; large outside Reddit history available for comparison
MuskyScent972,12,1758,1770,62,ani_bm:389; ForbiddenBromance:358; changemyview:164; 2mediterranean4u:133; israel_bm:123; TikTokCringe:66; AskReddit:57; snowboarding:55,1670239788,1736761476,1,357,358,Unflaired/Unknown,8,11,1401,520,6,544,0.2023,20,high-volume presence inside ForbiddenBromance; large outside Reddit history available for comparison
62TiredOfLiving,197,3118,3315,128,lebanon:2239; ForbiddenBromance:294; lonely:106; 2007scape:85; AskReddit:79; Needafriend:27; fasting:23; cyberpunkgame:23,1546339232,1773306137,22,271,293,Unflaired/Unknown,0,175,2846,10,2167,0,0.0884,20,high-volume presence inside ForbiddenBromance; large outside Reddit history available for comparison
ForbiddenBromance-ModTeam,0,450,450,1,ForbiddenBromance:450,1681042470,1773270593,0,448,448,Unflaired/Unknown,0,0,0,0,0,0,0.9956,10,high-volume presence inside ForbiddenBromance
CruntyMcNugget,90,647,737,61,ForbiddenBromance:275; SwordAndSupperGame:133; israel_bm:44; Israel:31; KarmaCave:26; chemistry:25; Judaism:22; pokemongo:18,1693160274,1770505940,13,262,275,Israeli,7,77,385,117,0,71,0.3731,10,high-volume presence inside ForbiddenBromance
tFighterPilot,99,5550,5649,169,IsraelPalestine:2408; Braincels:1121; IncelsWithoutHate:596; ForbiddenBromance:219; lebanon:147; Incelselfies:107; Israel:100; hebrew:85,1546333844,1727607006,5,214,219,Israeli,2,94,5336,2522,148,94,0.0388,10,large outside Reddit history available for comparison
Curious_Diver1005,137,2238,2375,130,israel_bm:635; ani_bm:373; ForbiddenBromance:139; Genesis:101; Witch_cult:85; 2mediterranean4u:82; Cd_collectors:77; okbuddybaka:76,1722448082,1772994554,6,133,139,Israeli,0,131,2105,1005,0,1046,0.0585,10,large outside Reddit history available for comparison
AdVivid8910,348,19120,19468,595,Jordan_Peterson_Memes:1370; jazzcirclejerk:914; IsraelPalestine:851; worldnews:766; anime_titties:673; UnitedNations:450; BassGuitar:419; RareHistoricalPhotos:402,1710054533,1773271763,0,116,116,Unflaired/Unknown,0,348,19004,930,28,1,0.006,10,large outside Reddit history available for comparison
No-Mathematician5020,32,1610,1642,123,2mediterranean4u:157; ForbiddenBromance:112; Barca:107; CombatFootage:105; vzla:82; PassportPorn:74; fut:69; PublicFreakout:62,1681984365,1773107970,0,112,112,Diaspora Israeli,3,32,1498,120,39,6,0.0682,10,large outside Reddit history available for comparison
amazing9999,169,9528,9697,355,HistoryMemes:1251; dankmemes:681; AskReddit:426; tumblr:367; AskAnAmerican:363; Israel:323; PoliticalCompassMemes:313; worldnews:280,1551200821,1703171308,12,60,72,Hummus wars veteran,0,157,9468,764,2,65,0.0074,10,large outside Reddit history available for comparison
Israelidru,235,698,933,71,2mediterranean4u:240; ForbiddenBromance:127; druze:84; cyprus:80; SteamDeck:36; CombatFootage:28; exmuslim:28; PS3:27,1715289017,1750503118,16,111,127,Israeli,2,219,587,17,35,4,0.1361,0,
Anonymous-Balls,4,180,184,13,ForbiddenBromance:123; exmuslim:24; religiousfruitcake:13; MapPorn:8; 2mediterranean4u:6; interestingasfuck:3; IsraelPalestine:1; SteamDeck:1,1726919914,1750058120,3,120,123,Palestinian,0,1,60,0,0,0,0.6685,0,
ConnorStreetmann,28,203,231,37,ForbiddenBromance:119; motorcycles:19; RoastMyCar:12; AudiTT_Mk1_Mk2_Mk3:12; MechanicAdvice:9; Fusion360:5; musicproduction:3; Sakartvelo:3,1709323599,1773261082,11,106,117,Unflaired/Unknown,0,17,95,0,1,0,0.5065,0,
TheGooblyGamer,5,498,503,35,Israel:296; Kanye:60; ForbiddenBromance:41; YandhiLeaks:23; AskReddit:12; Hiphopcirclejerk:7; KendrickLamar:7; Jewdank:6,1546344503,1627001014,1,40,41,Diaspora Jew,3,4,458,300,4,62,0.0815,0,
Worldineatydays,6,54,60,18,premed:13; ems:12; newjersey:7; news:6; Judaism:3; medicalschool:3; ForbiddenBromance:2; CuratedTumblr:2,1707267890,1771444839,0,2,2,Unflaired/Unknown,0,6,52,4,0,0,0.0333,0,
